source,center_index,x,y,z,zernike_distance,complementarity_score,PC1,PC2,PC3
ligand,0,27.366,76.423,81.878,0.7159189487751378,-0.7159189487751378,11.840094008132432,0.22397840584440587,4.6936473774705405
ligand,20,29.144,75.163,80.385,0.4991264285057963,-0.4991264285057963,13.027342165711005,-0.29529063516459786,2.3917493616201853
ligand,40,28.068,75.867,80.756,0.4928156930003388,-0.4928156930003388,12.23867732084161,0.26708493403406663,3.315207255427808
ligand,60,27.539,76.661,80.949,0.5568945342154963,-0.5568945342154963,11.979251588898492,0.9010790350735789,4.006782102753007
ligand,80,27.519,76.806,81.378,0.692588721015506,-0.692588721015506,12.044513090725843,0.7842493848669747,4.439861505647954
ligand,100,28.699,76.571,80.017,1.3914031448317403,-1.3914031448317403,12.966036130589373,1.1328996035401744,2.9136949642705616
ligand,120,28.79,75.287,80.915,0.4847330712465959,-0.4847330712465959,12.778321848579523,-0.42403453957280846,2.9774164075886773
ligand,140,29.828,75.494,79.656,0.4132268285408302,-0.4132268285408302,13.700274185965249,0.25262821957221604,1.7952550827369294
ligand,160,29.059,76.078,79.603,1.335798632310831,-1.335798632310831,13.12760986598964,0.8967625211540806,2.233858067396767
ligand,180,28.711,76.871,79.506,1.3082589793376134,-1.3082589793376134,13.01132441012711,1.6577659753435228,2.6421636336906573
ligand,200,28.699,76.571,80.017,1.3914031448317403,-1.3914031448317403,12.966036130589373,1.1328996035401744,2.9136949642705616
ligand,220,29.149,75.708,80.243,0.5203490465001982,-0.5203490465001982,13.172664046420543,0.2248061371312886,2.5517334184335
ligand,240,30.753,75.912,79.499,0.3910447551644549,-0.3910447551644549,14.68523487690046,0.5094629236007364,1.657827384950025
ligand,260,31.128,76.077,79.42,0.5203490465001982,-0.5203490465001982,15.08173270882451,0.618488512246806,1.5871599221406854
ligand,280,25.793,72.44,79.779,1.6583358330784577,-1.6583358330784577,8.997604212841011,-1.5543007211206614,1.3021294119771483
ligand,300,25.674,72.584,79.848,1.597536407106996,-1.597536407106996,8.931984955531128,-1.4539668508419368,1.4611427055880597
ligand,320,25.58,72.821,79.48,1.5914953668343934,-1.5914953668343934,8.872682441307902,-1.0401762738249545,1.3008630431890396
ligand,340,25.559,72.902,79.05,1.5714976993067256,-1.5714976993067256,8.832432521282662,-0.7319142139730488,0.9922266124265064
ligand,360,25.427,72.755,78.654,1.659966263747288,-1.659966263747288,8.624987866807707,-0.6071788898088002,0.6217447448062359
ligand,380,25.412,72.561,78.698,1.5065345973092457,-1.5065345973092457,8.559994753663425,-0.7862581232592163,0.5625541763800044
ligand,400,24.03,72.13,78.641,1.2934711364108498,-1.2934711364108498,7.114069084686598,-0.8511242285017602,0.6259998081018949
ligand,420,24.35,72.414,78.681,1.3089068446266967,-1.3089068446266967,7.5038974370265805,-0.7015288527668275,0.7275432927309851
ligand,440,24.634,72.692,78.617,1.412396535343962,-1.412396535343962,7.847237321565338,-0.49247537956342313,0.7487651924222831
ligand,460,25.011,72.826,78.537,1.7333486241451734,-1.7333486241451734,8.236734602610532,-0.4084130631543843,0.6609563374112781
ligand,480,23.267,72.086,78.551,1.2063745997221242,-1.2063745997221242,6.364992279566806,-0.6970805190946621,0.7117871942587186
ligand,500,23.754,72.079,78.431,1.2063121581574734,-1.2063121581574734,6.815295596012106,-0.7253672285911463,0.4925959871717822
ligand,520,22.351,71.655,79.56,1.285716304415731,-1.285716304415731,5.470591714233635,-1.4390610733028666,1.5438992575702457
ligand,540,22.69,71.891,79.337,1.3453222605221498,-1.3453222605221498,5.838454412069154,-1.1858989375515918,1.399220411282954
ligand,560,22.96,72.118,79.025,1.2382978696189402,-1.2382978696189402,6.129018889465435,-0.8779936437333618,1.1929690730712252
ligand,580,23.269,72.241,78.677,1.189857625661893,-1.189857625661893,6.423604138057563,-0.6416302928037823,0.8945299709929913
ligand,600,21.66,71.829,79.81,1.1451250195349376,-1.1451250195349376,4.886288967041359,-1.3100685068074611,2.0045598890686307
ligand,620,21.996,71.621,79.518,1.2456348701294102,-1.2456348701294102,5.118213771481358,-1.3782956580798782,1.5767983422756515
ligand,640,22.463,71.619,79.34,1.2653830383637124,-1.2653830383637124,5.545035292787411,-1.3666654519314037,1.3170578424398798
ligand,660,21.616,72.141,80.845,1.2608066382092138,-1.2608066382092138,5.037046094908916,-1.6233987866916664,3.029060462082043
ligand,680,21.567,72.297,80.73,1.2402177654915127,-1.2402177654915127,5.023079677199114,-1.4240135625464418,3.0255289512282957
ligand,700,21.432,72.221,80.504,1.1659273673062316,-1.1659273673062316,4.850039541620703,-1.3354903443022366,2.8324026937937106
ligand,720,21.441,71.917,80.171,1.1290106501737724,-1.1290106501737724,4.738771157530266,-1.398940810013599,2.399991564076956
ligand,740,21.181,72.942,81.843,1.411111343230037,-1.411111343230037,4.9501845946277925,-1.4478057736413845,4.366390703098375
ligand,760,21.336,72.569,81.581,1.3699483985724616,-1.3699483985724616,4.965665005629724,-1.63339973909887,3.922416338003984
ligand,780,19.757,75.927,81.609,0.909455541250956,-0.909455541250956,4.416889615825944,1.3648611916590383,6.03889122862671
ligand,800,19.057,76.769,80.605,0.8097887997032079,-0.8097887997032079,3.8876877941445755,2.733588614505585,5.807567486055987
ligand,820,18.917,76.626,80.616,0.6738732500784724,-0.6738732500784724,3.714676850006299,2.6371072604743304,5.7770951784198274
ligand,840,19.065,76.386,80.951,0.7191994087559169,-0.7191994087559169,3.8212982360170216,2.2293081270631205,5.895673198449785
ligand,860,19.344,76.323,81.3,0.7171491557366663,-0.7171491557366663,4.1045221424815495,1.9333475832159976,6.084888883034026
ligand,880,19.756,76.272,81.518,0.6594483443448133,-0.6594483443448133,4.504799249587144,1.6954760459557292,6.140245628680901
ligand,900,19.887,76.276,81.367,0.7062085924094538,-0.7062085924094538,4.61566158087566,1.7585427262202984,5.98626466446234
ligand,920,18.429,78.629,81.341,0.6173914545771426,-0.6173914545771426,3.8913130785522227,3.9492010865475606,7.515769223301618
ligand,940,18.236,78.322,81.06,1.6885464752311834,-1.6885464752311834,3.5918125608036675,3.8914580932032194,7.173097096352279
ligand,960,18.146,77.914,80.921,1.6288803616512288,-1.6288803616512288,3.376108196883621,3.6540735489414757,6.871426405811249
ligand,980,18.261,77.531,80.895,1.464404246529582,-1.464404246529582,3.374338002309379,3.3366893918100615,6.626775300738842
ligand,1000,18.525,77.318,80.87,0.6025850806739178,-0.6025850806739178,3.5630375946773256,3.129383058540334,6.434144700816546
ligand,1020,18.779,77.203,80.747,0.6041396789887061,-0.6041396789887061,3.7601893619894184,3.057821723876792,6.213056130268683
ligand,1040,18.504,78.42,81.248,0.7571214554627449,-0.7571214554627449,3.8940983701340244,3.8175126597323015,7.314261406099064
ligand,1060,18.401,78.51,81.763,0.6841591122464904,-0.6841591122464904,3.87324097720451,3.623525361182679,7.810112086406775
ligand,1080,15.183,74.814,84.652,0.705480089844583,-0.705480089844583,0.04532846697562576,-0.3893898956942863,9.077336594991266
ligand,1100,14.872,74.16,83.729,0.6037412126610668,-0.6037412126610668,-0.5298232611447062,-0.35067736939503646,8.055540220977491
ligand,1120,16.512,74.287,82.535,0.8146466379547563,-0.8146466379547563,0.9499491778781035,0.11470709063961948,6.742126412207853
ligand,1140,16.811,74.389,83.115,1.5068236173674647,-1.5068236173674647,1.3223472072346922,-0.17927336094685842,7.201582832139422
ligand,1160,15.191,74.177,84.307,1.1219933141846237,-1.1219933141846237,-0.16270443946884683,-0.7161767523562617,8.465135108428854
ligand,1180,14.666,73.598,83.149,0.8579349271823605,-0.8579349271823605,-0.9442297500710168,-0.44695759072735797,7.338827321054524
ligand,1200,16.027,72.525,81.254,1.0342410791466177,-1.0342410791466177,-0.14189091499333273,-0.5149556355299367,4.900322931140664
ligand,1220,16.257,72.604,81.697,1.355223549009878,-1.355223549009878,0.14440495186983782,-0.7389068459338404,5.251421965567829
ligand,1240,14.611,72.755,82.857,1.2413515283913892,-1.2413515283913892,-1.2655283414429945,-0.9587621317792596,6.68022172819866
ligand,1260,14.03,72.088,81.735,1.2377209889308969,-1.2377209889308969,-2.1218307242963093,-0.7706665289387757,5.552081544838529
ligand,1280,15.945,72.188,81.094,0.951608651144754,-0.951608651144754,-0.33190794181592764,-0.6845424712516248,4.615670801924296
ligand,1300,16.165,72.281,81.539,1.196175928821609,-1.196175928821609,-0.050968687652463984,-0.8964129074733194,4.977966335605458
ligand,1320,15.661,70.839,80.905,1.26956086619479,-1.26956086619479,-1.004956036940122,-1.6221144323458532,3.8384043872249265
ligand,1340,13.972,71.491,81.817,1.6255883685781358,-1.6255883685781358,-2.3384948159752312,-1.28993765208633,5.3286734607367805
ligand,1360,13.386,70.553,81.005,1.4183347932973345,-1.4183347932973345,-3.2453834114402937,-1.492885481798794,4.319243297808015
ligand,1380,15.29,70.354,80.336,1.3273881367552935,-1.3273881367552935,-1.5537097878820774,-1.6317980733834787,3.2095939643442364
ligand,1400,15.532,70.514,80.791,1.18250288434309,-1.18250288434309,-1.2317533048652294,-1.7988893113913136,3.609110598821985
ligand,1420,13.118,69.668,81.046,1.4883765938183044,-1.4883765938183044,-3.748226905883037,-2.1845946136733474,3.9651008166257355
ligand,1440,12.717,68.936,80.213,1.5304009174072664,-1.5304009174072664,-4.422304106127541,-2.242638875055299,2.9993033265528055
ligand,1460,14.414,68.345,79.821,1.3901512853014293,-1.3901512853014293,-3.011519369786349,-2.815443267375109,1.9676369289969529
ligand,1480,14.899,68.34,80.211,1.278096925475329,-1.278096925475329,-2.5112724499287324,-3.124844390993026,2.1710428381464624
ligand,1500,12.463,69.371,80.938,1.5292983300941811,-1.5292983300941811,-4.468011395627052,-2.2456174717214665,3.8809313499552616
ligand,1520,13.132,68.17,79.719,1.4466324551213157,-1.4466324551213157,-4.2938902633416305,-2.665943340587667,2.1007822002339367
ligand,1540,12.842,67.493,79.222,1.3804567012027875,-1.3804567012027875,-4.812716648702448,-2.8862139273029754,1.4139503063315573
ligand,1560,13.134,67.746,79.362,1.2813831131439255,-1.2813831131439255,-4.44833815928952,-2.8121513365124784,1.5889247304584728
ligand,1580,13.414,67.871,79.627,1.3769048517136817,-1.3769048517136817,-4.119196987451559,-2.909131731114506,1.8045885708767742
ligand,1600,12.877,66.921,78.453,1.4631228715867286,-1.4631228715867286,-5.0191733184776695,-2.9298447571125905,0.4784066172419301
ligand,1620,12.918,66.916,78.879,1.4416042254168582,-1.4416042254168582,-4.938664063833279,-3.1778875582740014,0.8177810840313384
ligand,1640,12.843,67.152,79.239,1.4381292190126405,-1.4381292190126405,-4.9069308729939465,-3.17250559916355,1.2535390892536213
ligand,1660,13.411,68.062,79.686,1.3842599903287196,-1.3842599903287196,-4.061862273090348,-2.7863647171855916,1.9515987433822914
ligand,1680,12.453,66.956,78.421,1.46799631002133,-1.46799631002133,-5.416735076034122,-2.806005969223868,0.5713238037193236
ligand,1700,11.854,67.032,77.197,1.229317694782165,-1.229317694782165,-6.089372867324755,-1.9551560499887302,-0.2571481732752119
ligand,1720,12.184,66.984,77.356,1.1758963395049291,-1.1758963395049291,-5.772363806399362,-2.142819692819714,-0.22935226619162563
ligand,1740,12.449,66.793,77.54,1.2498020920017474,-1.2498020920017474,-5.555444828467053,-2.448476378817759,-0.2384157819278414
ligand,1760,12.547,66.603,77.884,1.3946401820138912,-1.3946401820138912,-5.481389003810534,-2.8115436146412662,-0.07489845224708347
ligand,1780,12.503,66.641,78.304,1.4920657326080329,-1.4920657326080329,-5.4703150814442765,-3.0057953187179223,0.30182909347627174
ligand,1800,11.774,66.855,77.149,1.241260505847637,-1.241260505847637,-6.220765302485738,-2.057464420458743,-0.36806266878518556
ligand,1820,10.907,68.115,76.296,1.2668593985642849,-1.2668593985642849,-6.775266727334419,-0.40281702069573555,-0.22120167226712795
ligand,1840,11.283,67.903,76.471,1.3742792981263203,-1.3742792981263203,-6.459379374383566,-0.74085171950167,-0.2749857093867121
ligand,1860,11.625,67.606,76.494,1.2875254490442736,-1.2875254490442736,-6.215343733329263,-1.0572466479927058,-0.4895616985382958
ligand,1880,11.808,67.199,76.556,1.2027297730004367,-1.2027297730004367,-6.15024497708302,-1.4554103344663076,-0.690085589157178
ligand,1900,11.856,66.837,76.818,1.1578025812722736,-1.1578025812722736,-6.180974686597324,-1.9033516905672343,-0.670180151517684
ligand,1920,10.833,68.226,75.959,1.2077906147983402,-1.2077906147983402,-6.848178160030443,-0.11212934909117678,-0.4250413164959639
ligand,1940,9.9488,69.661,76.069,1.575904975833578,-1.575904975833578,-7.272529628396654,1.1530900029160946,0.6104684432850433
ligand,1960,10.248,69.369,76.168,1.5230633934477804,-1.5230633934477804,-7.060241561559998,0.8064049527029766,0.4714400554015299
ligand,1980,10.618,69.129,76.134,1.273758311184611,-1.273758311184611,-6.779045717950773,0.5627684977910903,0.23222012442823825
ligand,2000,10.899,68.789,75.976,1.212458760055762,-1.212458760055762,-6.623590484683611,0.3231347268488918,-0.1391749836088394
ligand,2020,11.006,68.312,75.909,1.153418279709991,-1.153418279709991,-6.663816586095159,-0.04629177154202324,-0.4637869412626685
ligand,2040,9.9836,69.974,75.926,1.317402626665774,-1.317402626665774,-7.164804311102216,1.4800483248109586,0.6439729468256417
ligand,2060,10.051,69.523,75.929,1.59826029246742,-1.59826029246742,-7.22836404214241,1.1001145172548803,0.3999171694589734
ligand,2080,9.4912,70.474,76.843,1.879561309942395,-1.879561309942395,-7.400055291118385,1.4669031594042252,1.77438479258268
ligand,2100,9.789,70.342,76.64,1.8038194520496196,-1.8038194520496196,-7.174013823026293,1.4179329163909031,1.468076108406109
ligand,2120,10.031,70.261,76.349,1.6202499313735523,-1.6202499313735523,-6.99553788229624,1.469413682652302,1.128514524469324
ligand,2140,9.3393,71.206,77.553,1.7231851955960005,-1.7231851955960005,-7.265540839550042,1.6945182303940811,2.770926237670409
ligand,2160,9.2898,71.041,77.156,1.858555561986744,-1.858555561986744,-7.39953537834716,1.7900900473435684,2.3706816357361618
ligand,2180,9.3115,70.75,76.836,1.8840559508819112,-1.8840559508819112,-7.493693746705979,1.7276441408695788,1.952606761541773
ligand,2200,9.2371,71.036,78.414,1.962127105636956,-1.962127105636956,-7.324709092907085,1.0973660369181886,3.4194431731636996
ligand,2220,9.3523,71.306,78.158,1.929481594926162,-1.929481594926162,-7.163900479862598,1.4374334850281585,3.3184394073592784
ligand,2240,9.1167,71.285,77.923,1.8335544662110677,-1.8335544662110677,-7.418143169121109,1.5940073279013802,3.1700525929635717
ligand,2260,9.0497,71.047,78.187,1.920631625777826,-1.920631625777826,-7.523097150505357,1.2666319841643983,3.282476105204921
ligand,2280,7.842,67.196,69.754,1.756718463675483,-1.756718463675483,-10.616677212602895,3.0445623379414855,-5.358875371648139
ligand,2300,7.842,68.196,69.868,1.6804044837746166,-1.6804044837746166,-10.321116878222334,3.7926342868910083,-4.753872522121199
ligand,2320,5.842,67.896,70.58,1.942628230538028,-1.942628230538028,-12.241767972890308,3.5203992435396003,-3.8406740476797694
ligand,2340,6.342,66.196,71.03,2.0245219153676763,-2.0245219153676763,-12.202729965717516,1.7996988943715806,-4.457250354692206
ligand,2360,8.7686,68.196,71.08,1.3465707128206412,-1.3465707128206412,-9.315725087688072,2.950091244750972,-3.9748730807428956
ligand,2380,5.842,66.459,71.58,2.080375956949559,-2.080375956949559,-12.549461880138225,1.79937871264827,-3.749121922128012
ligand,2400,6.342,69.196,71.188,1.6180478668907137,-1.6180478668907137,-11.334550857166974,4.146054053214073,-2.7941669220137157
ligand,2420,5.842,66.196,71.812,2.053239147199738,-2.053239147199738,-12.600850969010867,1.4572082833636912,-3.691924379627892
ligand,2440,5.7027,69.696,72.08,1.5771036954677746,-1.5771036954677746,-11.71238602300577,4.173699022126662,-1.6492456001975029
ligand,2460,7.342,65.563,72.58,1.6128515673147108,-1.6128515673147108,-11.273197034085456,0.2424962543260918,-3.7401189393666385
ligand,2480,8.5689,68.196,72.58,1.9189776449418583,-1.9189776449418583,-9.355309994949344,2.154019435125342,-2.688567207695371
ligand,2500,7.842,70.381,72.58,1.5852446605734287,-1.5852446605734287,-9.427662649734046,4.0599979469599035,-1.398365821953405
ligand,2520,8.3373,67.196,73.08,2.243655858055733,-2.243655858055733,-9.809962789927063,1.1075428414641237,-2.7311833424115832
ligand,2540,29.342,69.696,72.96,2.4706436389449418,-2.4706436389449418,10.91636557812923,-0.6455823611411802,-6.579259029491368
ligand,2560,6.342,70.696,72.797,1.4051696830967764,-1.4051696830967764,-10.746614027215315,4.469921049207478,-0.6993348397473227
ligand,2580,5.3296,65.696,73.58,2.169901035881024,-2.169901035881024,-13.053698052791265,0.16397894459439755,-2.3649484355889854
ligand,2600,9.0603,68.696,73.58,1.6426688906589308,-1.6426688906589308,-8.644153732424968,1.9145655158622574,-1.7250359156130344
ligand,2620,4.807,69.696,73.58,1.374950205577529,-1.374950205577529,-12.415612575252617,3.505136451734181,-0.19639495553880693
ligand,2640,27.842,70.552,73.58,1.75023808109754,-1.75023808109754,9.791633959337076,-0.020424088890408143,-5.271095461612475
ligand,2660,28.342,71.186,73.58,1.6886893951044746,-1.6886893951044746,10.448505642001656,0.40237282761242454,-5.066844733562135
ligand,2680,26.01,74.196,73.58,1.148732864020784,-1.148732864020784,9.080057312204254,3.2717773413230518,-2.9710892837608753
ligand,2700,27.337,75.196,73.58,1.2743052390313274,-1.2743052390313274,10.629459779021694,3.840020967291622,-2.777749744695271
ligand,2720,7.842,66.226,74.08,3.079004821835498,-3.079004821835498,-10.457255870075997,-0.14383500039856045,-2.2825328600911234
ligand,2740,28.842,68.696,73.734,2.328880702497958,-2.328880702497958,10.233342940600217,-1.7949860464863931,-6.331413826314616
ligand,2760,10.342,69.696,74.029,1.5607921482605749,-1.5607921482605749,-7.0927965380648175,2.2418661090933085,-1.1501262990839507
ligand,2780,27.842,70.696,73.603,1.656007553506664,-1.656007553506664,9.834856693542157,0.08364346072480089,-5.178538774307242
ligand,2800,9.842,71.196,73.889,1.3257415932544618,-1.3257415932544618,-7.157482315809737,3.628213138951942,-0.3797642653883031
ligand,2820,29.342,71.806,74.08,1.685323327330407,-1.685323327330407,11.628430906591404,0.4446568461086713,-4.576550503774939
ligand,2840,27.842,73.914,74.08,1.4688334384491644,-1.4688334384491644,10.797045646782216,2.429795291697026,-3.140692606342512
ligand,2860,24.842,75.789,74.08,1.2707311148929894,-1.2707311148929894,8.469203572515447,4.5006926702249,-1.464935963843459
ligand,2880,7.3421,66.196,74.58,2.945691265997287,-2.945691265997287,-10.8921606032158,-0.35414495138929425,-1.7653988275552024
ligand,2900,8.842,67.76,74.58,2.0256001004480217,-2.0256001004480217,-9.017665760997296,0.6400264954838519,-1.3252985767958734
ligand,2920,4.6723,69.196,74.58,1.1039817908239768,-1.1039817908239768,-12.585544944818118,2.569031972912711,0.40607951238845885
ligand,2940,10.842,70.196,74.48,1.4065921478272752,-1.4065921478272752,-6.428644128237771,2.305589265745141,-0.6419511955740944
ligand,2960,7.342,71.433,74.58,1.5807883401296825,-1.5807883401296825,-9.40443889649007,3.894933816465361,0.9100792153193851
ligand,2980,26.342,71.696,74.438,1.3678300789528404,-1.3678300789528404,8.772654133745853,0.7062891309449171,-3.6192879633989037
ligand,3000,27.342,72.696,74.282,1.515247923902402,-1.515247923902402,9.994573059500858,1.4210364882137299,-3.4765071728177332
ligand,3020,25.342,73.701,74.58,0.9489706107613172,-0.9489706107613172,8.403039553269842,2.4374317546046242,-2.238447900810854
ligand,3040,24.342,76.588,74.58,1.1136212074878518,-1.1136212074878518,8.269720070710463,4.963013434224244,-0.5242623521785674
ligand,3060,27.342,76.696,74.396,1.3104900946376916,-1.3104900946376916,11.142425005989573,4.603170179130956,-1.3388783270936813
ligand,3080,7.342,66.839,75.08,3.530535134493709,-3.530535134493709,-10.659304564355743,-0.10997854264560658,-1.0240420713253684
ligand,3100,10.842,67.771,75.08,1.1937547314996515,-1.1937547314996515,-7.057247583054057,0.004993050427970047,-1.3854158891953148
ligand,3120,11.342,69.196,75.003,1.366884780253668,-1.366884780253668,-6.183397652668255,1.1123139945459215,-0.8406401317662358
ligand,3140,11.342,70.615,75.08,1.2454016375730397,-1.2454016375730397,-5.772521079469804,2.220882116847015,-0.05213067727977716
ligand,3160,7.342,71.427,75.08,1.5989863634085,-1.5989863634085,-9.35586659223835,3.612513214737028,1.3198539521920765
ligand,3180,30.342,71.894,75.08,1.71978626517176,-1.71978626517176,12.70749334610992,-0.22225189588174032,-3.9452019617816063
ligand,3200,28.46,73.696,75.08,1.4979234783714492,-1.4979234783714492,11.424934243612121,1.584595771260176,-2.574263722347098
ligand,3220,28.881,75.696,75.08,1.1814716982497406,-1.1814716982497406,12.394555566251647,3.1301751657369934,-1.6532535019632633
ligand,3240,29.342,76.696,75.024,1.156791800125888,-1.156791800125888,13.112588997882263,3.888158406590634,-1.2989282309963812
ligand,3260,27.342,78.196,75.08,1.38945731159286,-1.38945731159286,11.637349594110738,5.440509259876492,-0.007800224227693775
ligand,3280,10.842,66.696,75.53,1.2626051944488357,-1.2626051944488357,-7.31740287866446,-1.1170096375304226,-1.5630508811873653
ligand,3300,7.342,67.214,75.58,3.413286412135272,-3.413286412135272,-10.502491225366278,-0.0832733031440398,-0.41962383293562766
ligand,3320,12.342,68.196,75.399,0.9849135168827649,-0.9849135168827649,-5.474167451211905,-0.10206441214556605,-1.263834657609408
ligand,3340,29.842,69.196,75.795,2.3109837815263226,-2.3109837815263226,11.53614098340553,-2.7165833347478667,-4.613538191138474
ligand,3360,11.842,70.416,75.58,1.2349912868956276,-1.2349912868956276,-5.302025480291313,1.69026874475243,0.13940088802492312
ligand,3380,10.842,71.597,75.58,1.2671964736366768,-1.2671964736366768,-5.920014792936193,2.8316806471064027,0.9820331201531474
ligand,3400,30.255,72.196,75.58,1.4520987114092323,-1.4520987114092323,12.760612383581552,-0.23883683719725468,-3.3572595261812808
ligand,3420,28.549,74.196,75.58,1.5833176285799015,-1.5833176285799015,11.702121954950506,1.6964151892463875,-1.9272827408304778
ligand,3440,24.776,77.196,75.58,1.3059911932593704,-1.3059911932593704,8.956827465721638,4.8217015858501355,0.5081786336555183
ligand,3460,28.842,78.196,75.283,1.0588526765161208,-1.0588526765161208,13.088024176343154,5.053018558810244,-0.1991198861864092
ligand,3480,10.138,66.696,76.08,1.2428623138393893,-1.2428623138393893,-7.933368012311384,-1.2933425009266486,-0.9404678141048919
ligand,3500,8.842,67.696,76.537,2.3208762227673394,-2.3208762227673394,-8.839064244474763,-0.4982405548600326,0.257861118369874
ligand,3520,13.511,69.196,76.08,0.9489563416707172,-0.9489563416707172,-4.006942145128832,0.1170988013835057,-0.4703994762460866
ligand,3540,27.342,69.266,76.08,1.7094303557258703,-1.7094303557258703,9.20091533702071,-2.3599861485362084,-3.744236961844223
ligand,3560,11.842,70.877,76.08,1.2645304596468436,-1.2645304596468436,-5.120779781754749,1.786750420857068,0.7877544049723042
ligand,3580,10.842,71.696,75.73,1.2901609683670616,-1.2901609683670616,-5.876806103493834,2.8287389411180186,1.1564617746871875
ligand,3600,30.232,72.196,76.08,1.4121615122359088,-1.4121615122359088,12.788958584513438,-0.5121756480531943,-2.938915902622142
ligand,3620,23.023,74.696,76.08,1.0024367191782912,-1.0024367191782912,6.625361625205585,2.8369190588046322,0.06330297142882557
ligand,3640,30.116,76.696,76.08,1.0520976429168398,-1.0520976429168398,13.956789061844717,3.1601685047705743,-0.6122194463913075
ligand,3660,15.842,78.196,75.717,1.137743881921582,-1.137743881921582,0.7360590767233717,7.193741096819011,3.269975268610608
ligand,3680,27.842,78.696,75.892,1.0989629423161165,-1.0989629423161165,12.337801916695419,5.30383952723588,0.7984453512427478
ligand,3700,10.601,65.696,76.58,1.4895911198287954,-1.4895911198287954,-7.725714073658381,-2.467071849719119,-1.1492937165813544
ligand,3720,6.842,68.026,76.58,3.732453569762897,-3.732453569762897,-10.648004576042851,0.11204258349277296,0.9405311469111979
ligand,3740,26.318,69.696,76.58,1.1976246388755238,-1.1976246388755238,8.396961716966032,-2.1010566435141627,-2.8666891920732525
ligand,3760,13.342,70.196,76.314,0.9761505595624808,-0.9761505595624808,-3.8604582284473707,0.8295194507129935,0.27412472118646747
ligand,3780,12.023,71.196,76.58,1.1692717939208808,-1.1692717939208808,-4.807290918170629,1.7348601108574258,1.3202524126088235
ligand,3800,10.342,72.196,76.193,1.0342512696747068,-1.0342512696747068,-6.16495515897882,3.0690037682246682,1.9138335028883944
ligand,3820,10.342,72.842,76.58,0.9010771477815906,-0.9010771477815906,-5.942514054265146,3.3783127785005576,2.5633971187844224
ligand,3840,29.342,73.196,76.604,1.699800201099534,-1.699800201099534,12.277123748180081,0.17135387637600985,-1.782417528412651
ligand,3860,29.355,74.196,76.58,1.5914440416593487,-1.5914440416593487,12.571203267055232,0.9936486712318526,-1.2944692658569465
ligand,3880,23.288,75.696,76.58,1.0215653293243168,-1.0215653293243168,7.212415366029617,3.3221717181173176,0.9236068491455853
ligand,3900,15.342,77.196,76.534,1.273852898103606,-1.273852898103606,0.05736025151728796,6.020467898344776,3.5533247108297843
ligand,3920,14.55,78.196,76.58,1.1697885746767838,-1.1697885746767838,-0.40909549440314663,6.951383704842215,4.2916977861182914
ligand,3940,28.342,78.696,76.58,1.1744515987667474,-1.1744515987667474,12.88373696916804,4.830325852205242,1.2468689434417968
ligand,3960,11.342,65.196,77.514,1.33064282678598,-1.33064282678598,-7.067295939908256,-3.5269702071543847,-0.8108590359485675
ligand,3980,9.842,67.196,77.361,1.6727378632541698,-1.6727378632541698,-7.944748425320981,-1.5445269259340932,0.4434952890280641
ligand,4000,13.807,68.696,77.08,1.0401377290112226,-1.0401377290112226,-3.7661985714539696,-0.8979111793599728,0.02901344982348064
ligand,4020,7.0633,70.196,77.08,2.078562072278259,-2.078562072278259,-9.770225410930365,1.5545852902109232,2.4090160690635116
ligand,4040,13.842,70.696,76.996,1.04918655099736,-1.04918655099736,-3.1730778966064364,0.765013362415921,0.9730318995520122
ligand,4060,12.342,71.696,76.885,1.111164153234702,-1.111164153234702,-4.330404327507232,1.9127883214744372,1.7511894515276083
ligand,4080,12.342,72.696,76.616,1.1900216876230958,-1.1900216876230958,-4.073356088933238,2.8734654687591643,2.0399568695838752
ligand,4100,11.842,73.196,76.595,1.2298398763803078,-1.2298398763803078,-4.410173171494925,3.382401094806397,2.3976994885637026
ligand,4120,10.021,74.196,77.08,0.9941791430705684,-0.9941791430705684,-5.813645656030673,4.258141640305986,3.7447739045181834
ligand,4140,10.842,75.196,76.761,1.101301203284225,-1.101301203284225,-4.778794947392271,5.096164429940423,3.7958014939569296
ligand,4160,23.822,75.696,77.08,1.075527665088266,-1.075527665088266,7.771865584572076,2.946788875288867,1.2086667977227705
ligand,4180,10.431,76.696,77.08,0.913689849841536,-0.913689849841536,-4.712464320589852,6.211413224006684,4.9238539640494
ligand,4200,10.596,77.196,77.08,0.9148541491380132,-0.9148541491380132,-4.4130868803209395,6.586861697562412,5.139809033364088
ligand,4220,14.342,77.605,77.08,1.2120873675679076,-1.2120873675679076,-0.7250497415196833,6.232427272856185,4.452382454443949
ligand,4240,17.939,78.696,77.08,1.552865061424811,-1.552865061424811,3.0146689819530366,6.458633454050563,4.149026833271449
ligand,4260,16.342,80.196,76.959,1.5551461585855058,-1.5551461585855058,1.9058953285914342,8.035407103872068,5.197576232603581
ligand,4280,14.404,66.696,77.58,1.1036000687820222,-1.1036000687820222,-3.7148717500150923,-2.9075436347526633,-0.7227524390231252
ligand,4300,13.962,69.196,77.58,1.0232951117542743,-1.0232951117542743,-3.426079324815234,-0.7981831547493172,0.6602013926528372
ligand,4320,7.5493,70.696,77.58,2.2640411075591538,-2.2640411075591538,-9.114494979679229,1.5936731450138737,2.960999529991568
ligand,4340,13.342,71.696,77.131,1.230375619458282,-1.230375619458282,-3.352159988257611,1.5930295722455128,1.7150182610905915
ligand,4360,22.032,72.196,77.58,0.8926143219318197,-0.8926143219318197,5.121022739927348,0.15743094266163382,0.2617694766338303
ligand,4380,8.842,73.352,77.58,1.1003053596510026,-1.1003053596510026,-7.127332871172058,3.511802713045313,4.008556213306036
ligand,4400,9.842,74.665,77.58,1.101602212305139,-1.101602212305139,-5.800805131661271,4.393907472180501,4.440047059349695
ligand,4420,23.342,74.921,77.58,1.0024699444337994,-1.0024699444337994,7.144283245826578,2.1283745200705013,1.3404368674170684
ligand,4440,10.16,75.696,77.58,1.0161884738984497,-1.0161884738984497,-5.204685335125667,5.1721548257848085,4.8906657948525805
ligand,4460,15.342,76.012,77.58,1.2238195427063272,-1.2238195427063272,-0.17383158946172017,4.47918507969424,3.8121095743697424
ligand,4480,14.342,76.696,77.256,1.4051571532067972,-1.4051571532067972,-0.9655966355969241,5.39720809269793,4.133316453676741
ligand,4500,25.725,77.196,77.58,1.455807295584193,-1.455807295584193,10.06281421259569,3.5376320923664366,1.9324538358701346
ligand,4520,18.342,77.696,77.457,1.2596044076891846,-1.2596044076891846,3.1527443196502603,5.364174190702187,3.8529996014316907
ligand,4540,18.842,78.761,77.58,1.3047642813446876,-1.3047642813446876,3.944430011573459,6.068386734486253,4.378996234863166
ligand,4560,15.342,80.646,77.58,1.483698609296943,-1.483698609296943,1.1426748540413243,8.238999117120379,6.1795058631622055
ligand,4580,14.342,66.196,78.094,1.1989778887044196,-1.1989778887044196,-3.864353214565753,-3.587185957726696,-0.5389547116752453
ligand,4600,14.342,70.196,77.62,1.1436859543218263,-1.1436859543218263,-2.77562688774875,-0.07865055239405194,1.113174307143467
ligand,4620,24.342,70.548,78.08,1.053208889336504,-1.053208889336504,6.90571117066434,-1.8804315539815164,-0.7200694357997719
ligand,4640,22.342,71.559,78.08,0.9980247896447476,-0.9980247896447476,5.285917222721871,-0.6937468870730328,0.27500245483588515
ligand,4660,8.1414,73.196,78.08,1.066807947780765,-1.066807947780765,-7.78940292982012,3.2360309969294363,4.5093451489188965
ligand,4680,29.594,74.196,78.08,1.4211936460256251,-1.4211936460256251,12.949922367919193,0.11720573624476316,-0.11313924238680784
ligand,4700,30.342,74.624,78.08,1.1505024942769464,-1.1505024942769464,13.784740037983994,0.3274294198425096,-0.07347237205172519
ligand,4720,16.342,75.747,78.08,1.1924852576557234,-1.1924852576557234,0.7546676495561186,3.8034208843100146,3.8502791352787966
ligand,4740,10.342,77.703,78.08,0.9335346729598312,-0.9335346729598312,-4.410686883018087,6.489646719669082,6.2852820745510485
ligand,4760,27.842,78.504,78.08,1.1701288706075514,-1.1701288706075514,12.503266913115226,3.933489930952483,2.506945078759742
ligand,4780,16.842,80.402,78.08,1.7134789313611547,-1.7134789313611547,2.553894189649654,7.488671888963594,6.108759573565322
ligand,4800,10.41,66.696,78.58,1.478981800649006,-1.478981800649006,-7.4226293688453495,-2.7309360890903065,1.0586456677517901
ligand,4820,14.842,69.696,78.493,1.1544460872381,-1.1544460872381,-2.3531379889280544,-1.0605356013697218,1.4589110291897498
ligand,4840,27.842,70.238,78.58,1.664541371387234,-1.664541371387234,10.205196312029194,-3.050714000326977,-1.3031104272302514
ligand,4860,20.842,71.696,78.427,0.9276459374862516,-0.9276459374862516,3.92946853366594,-0.5004084258590993,0.9904360250392159
ligand,4880,21.342,73.485,78.58,1.1325736074866128,-1.1325736074866128,4.929857214559796,0.7745712029585334,1.9110767982181471
ligand,4900,29.842,73.965,78.58,1.0703655834375718,-1.0703655834375718,13.17104281269446,-0.393203822754451,0.12234500546136928
ligand,4920,31.342,74.696,78.465,0.6737927125161434,-0.6737927125161434,14.797416350642521,-0.011071436531132406,0.04190897832451412
ligand,4940,18.014,76.196,78.58,1.1700118647733568,-1.1700118647733568,2.526769742586602,3.5838510145993396,4.092411834830557
ligand,4960,26.342,77.237,78.58,1.6539992102283907,-1.6539992102283907,10.763330477160316,2.9027564385827347,2.6314387193355344
ligand,4980,13.547,78.696,78.58,1.1776086585910457,-1.1776086585910457,-1.0223079774246386,6.430603287581739,6.438501737964998
ligand,5000,14.73,80.696,78.58,1.1842691929852895,-1.1842691929852895,0.6738865255008122,7.836582049449859,7.177174148050341
ligand,5020,11.342,65.956,79.08,1.415970769538984,-1.415970769538984,-6.6939148532662,-3.779635594384004,0.8704210615468213
ligand,5040,15.342,68.422,79.08,1.1711834416122664,-1.1711834416122664,-2.1792987056674917,-2.5116485622172746,1.17308577058634
ligand,5060,21.342,69.696,78.924,1.0270921604040784,-1.0270921604040784,3.888003407050661,-2.490604882178843,0.25940407736041493
ligand,5080,23.342,70.516,79.08,1.1756049389502397,-1.1756049389502397,6.043665724475623,-2.2782969057852753,0.32855099626291917
ligand,5100,20.342,72.658,79.08,1.0178762219731483,-1.0178762219731483,3.791677603686473,0.009231967777729722,2.140711352423523
ligand,5120,30.842,73.64,79.08,0.723145655633263,-0.723145655633263,14.082496219470137,-1.1176492529780333,0.12986204644649035
ligand,5140,21.797,74.696,79.08,0.8247900107746704,-0.8247900107746704,5.758022006451604,1.3962109814357433,2.8337105626586236
ligand,5160,26.342,75.845,79.08,1.9944124977601916,-1.9944124977601916,10.418144056618083,1.49579931206533,2.3331402459651542
ligand,5180,26.362,76.696,79.08,1.802451764222888,-1.802451764222888,10.678980939464985,2.182597434271507,2.7631093842539087
ligand,5200,26.842,77.969,79.08,1.5173555823008469,-1.5173555823008469,11.498320573296375,3.127513560412126,3.2985952187933947
ligand,5220,15.216,80.696,79.08,1.390953716175806,-1.390953716175806,1.1875683547339193,7.469992947258184,7.473719942945536
ligand,5240,14.342,65.903,79.58,1.3420117690986724,-1.3420117690986724,-3.7981707857698055,-4.649798619867873,0.5383192629365681
ligand,5260,16.709,68.696,79.58,1.214574901394803,-1.214574901394803,-0.747733597079808,-2.8173284732465973,1.3987982688389877
ligand,5280,20.342,69.385,79.58,1.1636631759055729,-1.1636631759055729,2.9121043423524284,-2.923881870953444,0.88145637943758
ligand,5300,16.342,70.696,79.487,0.8676535950955853,-0.8676535950955853,-0.5388281666726513,-1.075760409029364,2.4315795616813034
ligand,5320,19.842,72.196,79.469,1.2127589513038364,-1.2127589513038364,3.2227860585723818,-0.48994790359310514,2.3455206928255166
ligand,5340,31.342,73.696,79.154,0.4235026038620092,-0.4235026038620092,14.582600697548322,-1.204892665541145,0.0999271509148798
ligand,5360,17.47,75.196,79.58,1.2218783841881116,-1.2218783841881116,1.8245179013298198,2.3170545380046903,4.537389405432521
ligand,5380,19.842,76.196,79.396,0.9206289928816382,-0.9206289928816382,4.35183444914508,2.7959904141875356,4.3287473827140275
ligand,5400,26.842,77.696,79.611,1.6224773624469595,-1.6224773624469595,11.474156091093981,2.611253209997514,3.5975623213142
ligand,5420,13.342,64.196,80.061,1.1114525044225076,-1.1114525044225076,-5.188266457918942,-6.118582305185946,0.30269560534725315
ligand,5440,14.903,66.196,80.08,1.2181320380290994,-1.2181320380290994,-3.129735367458281,-4.792401245005671,0.9666048952551165
ligand,5460,16.939,68.696,80.08,1.2231771036031578,-1.2231771036031578,-0.4781498441632408,-3.137017625375506,1.7566019107636066
ligand,5480,17.169,69.696,80.08,1.123511790793329,-1.123511790793329,0.025254225313446454,-2.3678003852707903,2.2124408958888324
ligand,5500,25.342,70.196,79.899,1.1322982706964484,-1.1322982706964484,7.9421243820925795,-3.3589669774915336,0.362725861845675
ligand,5520,16.342,72.696,79.947,0.9063757321915044,-0.9063757321915044,0.07562097787731403,0.2915991389642727,3.833143015568595
ligand,5540,16.219,74.196,80.08,1.1784162574566277,-1.1784162574566277,0.3978589383947764,1.4573350111168395,4.738703931895174
ligand,5560,17.842,74.879,80.08,1.0395032295264897,-1.0395032295264897,2.1394409922737907,1.714151379090758,4.699266605068203
ligand,5580,26.842,77.505,80.08,0.7621338228801344,-0.7621338228801344,11.467053245575535,2.19594038783233,3.8872290424451137
ligand,5600,12.342,64.02,80.58,1.1269107229901003,-1.1269107229901003,-6.139588267240711,-6.366277136533043,0.8805979203042824
ligand,5620,11.462,65.696,80.58,1.22417511446585,-1.22417511446585,-6.502528490614374,-4.845229398346312,1.9473988260099873
ligand,5640,16.342,68.196,80.722,1.089951667434321,-1.089951667434321,-1.1248872646971861,-3.7896998152661254,2.1741060040138223
ligand,5660,24.342,68.696,80.519,0.8101178406203439,-0.8101178406203439,6.624813805897233,-4.7369599915657545,0.34762291489846575
ligand,5680,19.342,70.146,80.58,1.298603961473445,-1.298603961473445,2.275347978964298,-2.678343568963747,2.3352009498283905
ligand,5700,18.842,71.696,80.567,1.2577024331537348,-1.2577024331537348,2.2376373908400637,-1.3219271728797324,3.235968107299044
ligand,5720,18.342,73.196,80.491,0.9792373234311872,-0.9792373234311872,2.1793870546920715,0.02889313976362473,4.05917365956941
ligand,5740,17.342,74.696,80.383,1.372913337989747,-1.372913337989747,1.641164942439893,1.4890782759809582,4.9756016850317195
ligand,5760,13.647,79.196,80.58,1.3890494394611477,-1.3890494394611477,-0.5838010144416899,5.707750038605518,8.321370512962346
ligand,5780,14.633,64.196,81.08,0.9435768135223171,-0.9435768135223171,-3.8548231904435823,-6.920749238391117,0.8351420943927224
ligand,5800,10.342,67.622,81.08,1.307352513420235,-1.307352513420235,-6.973009472049824,-3.354926956722821,3.612187785187274
ligand,5820,22.342,68.43,81.08,0.9094834504180964,-0.9094834504180964,4.698638396148745,-4.897788153411732,1.1535134739928594
ligand,5840,25.342,69.497,81.08,0.700293637339151,-0.700293637339151,7.862294444689567,-4.581682316983269,0.9807520584310936
ligand,5860,18.842,71.196,80.924,1.397077402745455,-1.397077402745455,2.131486486479865,-1.9257765993408569,3.2752981933158765
ligand,5880,26.342,76.196,80.711,0.8420951198512828,-0.8420951198512828,10.681865382181257,0.8752083518423319,3.859141531198148
ligand,5900,11.842,64.121,81.58,0.7975238595849623,-0.7975238595849623,-6.487094729986907,-6.747833882742576,1.877520539052398
ligand,5920,15.748,67.196,81.58,1.0450578906593115,-1.0450578906593115,-1.889093147527717,-4.968511241542728,2.5138014410260467
ligand,5940,25.058,68.696,81.58,0.788922045578604,-0.788922045578604,7.4142131683189945,-5.457099648232159,1.0523388303598011
ligand,5960,19.842,69.796,81.58,1.3985500885490632,-1.3985500885490632,2.753221787809295,-3.609023860315112,2.862430328856263
ligand,5980,13.842,63.685,82.08,0.7832373996050641,-0.7832373996050641,-4.653668002247777,-7.745542527351645,1.5890419532196063
ligand,6000,15.642,66.196,82.08,0.9005193232558999,-0.9005193232558999,-2.2239853238126344,-6.037998123203494,2.4411306751110544
ligand,6020,24.605,68.196,82.08,1.0029550632277695,-1.0029550632277695,6.89050227966991,-6.057338156211671,1.3181388278183022
ligand,6040,20.842,69.206,82.08,1.149922427646555,-1.149922427646555,3.5893894355154217,-4.548478077745834,2.7345654068439558
ligand,6060,13.842,63.955,82.58,0.8516786881883427,-0.8516786881883427,-4.5266848696821,-7.804029448818945,2.1398182817424214
ligand,6080,10.993,66.696,82.58,1.0812577760307758,-1.0812577760307758,-6.464519040551323,-5.0581632231962175,4.221860403601639
ligand,6100,25.342,68.696,82.495,1.0080892779995585,-1.0080892779995585,7.777016175813621,-6.017050315520287,1.739878085934663
ligand,6120,19.242,70.196,82.58,1.4944780236841924,-1.4944780236841924,2.395309578008728,-3.7296654932485964,4.036033518387882
ligand,6140,14.342,64.95,83.08,0.6811819346262623,-0.6811819346262623,-3.7169772088845576,-7.3658862476103835,2.941334993533573
ligand,6160,23.842,67.962,83.08,1.0449098488439037,-1.0449098488439037,6.19705062048083,-6.6625160930353005,2.2068510766085296
ligand,6180,25.884,69.196,83.08,0.8813058554815251,-0.8813058554815251,8.494690132129897,-6.035405746095115,2.3486441909320916
ligand,6200,12.842,65.506,83.58,0.7585595220264669,-0.7585595220264669,-4.93900444188175,-6.917521554777736,3.997154364465132
ligand,6220,16.342,67.522,83.58,0.9625857336736512,-0.9625857336736512,-1.0289860914049882,-5.923042318939821,4.189569406554398
ligand,6240,25.342,68.648,83.58,1.1026856660259388,-1.1026856660259388,7.872480355842683,-6.658284181182104,2.6112188458327523
ligand,6260,12.711,66.196,84.08,1.137986901511243,-1.137986901511243,-4.817610046111035,-6.611240248548377,4.793845121365123
ligand,6280,16.842,67.861,84.08,0.9193983930024736,-0.9193983930024736,-0.4056461964551019,-6.017147285308205,4.655951900510445
ligand,6300,20.724,69.196,84.08,0.957065133339191,-0.957065133339191,3.675142056326685,-5.645183584131253,4.4090526478487675
ligand,6320,14.342,66.696,84.659,0.8615423338763026,-0.8615423338763026,-3.0621690799885855,-6.825773040080975,5.137072008156238
ligand,6340,22.418,68.696,84.58,0.7822251579969753,-0.7822251579969753,5.19861308116041,-6.638758782676234,4.161100311041096
ligand,6360,20.842,69.253,84.58,0.8598238400426101,-0.8598238400426101,3.854126441484844,-5.898106835010324,4.82277649177648
ligand,6380,22.342,68.696,84.748,0.7565400870616183,-0.7565400870616183,5.1430394989458605,-6.718092992691474,4.318000470636633
ligand,6400,25.342,69.51,85.08,0.8054992967474821,-0.8054992967474821,8.268202808149589,-6.791554542056559,4.290113348668655
ligand,6420,22.342,68.696,85.796,0.6596728152292299,-0.6596728152292299,5.248419855095435,-7.299842987091729,5.183313087297847
ligand,6440,19.842,69.696,85.689,1.0740778803071187,-1.0740778803071187,3.1379875286829986,-5.971085517926468,6.204061824142968
ligand,6460,22.842,68.605,86.08,0.6992724045568399,-0.6992724045568399,5.727878336920227,-7.622927465873893,5.251672313275918
ligand,6480,20.342,69.696,86.23,0.9948614653232398,-0.9948614653232398,3.6691411762376944,-6.36299876435325,6.531110459615704
ligand,6500,16.476,67.696,86.58,0.8908133558558861,-0.8908133558558861,-0.550121766225125,-7.4717307999830425,6.723436993219892
ligand,6520,23.342,68.937,86.58,0.4609213245345241,-0.4609213245345241,6.349229551441859,-7.722711909640211,5.714478679907515
ligand,6540,24.842,69.749,86.58,0.7939612376176837,-0.7939612376176837,8.010178647036305,-7.338696926379974,5.770376752106927
ligand,6560,13.948,68.196,87.08,0.7759714326141568,-0.7759714326141568,-2.7682647803569083,-6.8804693143629905,7.99663588753323
ligand,6580,21.842,69.324,87.08,0.635455279479934,-0.635455279479934,5.079189890962567,-7.4114660282717395,6.683960119719956
ligand,6600,24.842,69.995,87.08,0.6387467147180693,-0.6387467147180693,8.130343446705119,-7.4166563417830105,6.308892072660171
ligand,6620,15.842,67.385,87.58,0.6635303241108035,-0.6635303241108035,-1.1424463638561022,-8.163016166145155,7.5419436294614
ligand,6640,14.253,70.196,87.58,0.7212252430427654,-0.7212252430427654,-1.8589735110723709,-5.591190858258379,9.358243558717334
ligand,6660,22.842,70.696,87.625,0.6064732718271011,-0.6064732718271011,6.477281172860266,-6.784023589497572,7.595588198218422
ligand,6680,14.488,68.696,88.08,0.7289485039437078,-0.7289485039437078,-2.0107680236568086,-7.128826896020804,8.9485377602186
ligand,6700,21.842,70.887,88.08,0.6338097779489276,-0.6338097779489276,5.6237875958228045,-6.698424817195345,8.308138241468825
ligand,6720,5.5646,67.696,71.477,2.0377033745190363,-2.0377033745190363,-12.472893827449294,2.911019807534629,-3.1358355538894216
ligand,6740,7.6351,69.388,71.272,1.287840133154136,-1.287840133154136,-10.03857633906442,4.018305479659006,-2.936145654165756
ligand,6760,5.4881,68.64,72.08,2.0096178028237914,-2.0096178028237914,-12.217015511005052,3.356224637717581,-2.137378646278762
ligand,6780,5.342,67.261,72.109,1.9591992811519825,-1.9591992811519825,-12.745177030857494,2.248035494651404,-2.782970965112753
ligand,6800,5.2504,68.311,72.965,1.9474224144322287,-1.9474224144322287,-12.448142278192833,2.641568649967546,-1.5178509821164994
ligand,6820,5.7187,70.283,72.696,1.4257811122066475,-1.4257811122066475,-11.468423709096463,4.305087869562328,-0.8445715294324998
ligand,6840,8.6452,68.196,73.508,1.9408276392755683,-1.9408276392755683,-9.189243422954341,1.6249036519498858,-1.9405938982381201
ligand,6860,5.1038,67.82,74.08,2.0404065909213185,-2.0404065909213185,-12.61530083531882,1.6511094012419534,-0.8129779060286921
ligand,6880,27.738,71.092,73.857,1.6855497256290242,-1.6855497256290242,9.873735001674618,0.28299605642937564,-4.741623428110046
ligand,6900,25.243,75.836,74.08,1.3354615289429843,-1.3354615289429843,8.864912893460335,4.465361929279389,-1.5368794976847653
ligand,6920,10.342,68.721,74.547,1.5626556094856183,-1.5626556094856183,-7.317704456574894,1.1632516754926172,-1.2205275193837792
ligand,6940,7.2772,71.421,74.58,1.5152185636307935,-1.5152185636307935,-9.469635388506127,3.897069119357134,0.9194546038639118
ligand,6960,28.342,75.541,74.538,1.3488564746708098,-1.3488564746708098,11.782079481982557,3.4040285747193053,-2.0509812437505133
ligand,6980,27.842,72.967,74.349,1.5906130466085424,-1.5906130466085424,10.555054560022135,1.5121199018537226,-3.40238363179931
ligand,7000,26.894,76.748,74.494,1.3169656568246224,-1.3169656568246224,10.739880696990802,4.673035209532358,-1.1241949397072517
ligand,7020,10.533,71.106,74.588,1.301018282395919,-1.301018282395919,-6.4538898710491,3.0405796975237536,-0.013941070127231114
ligand,7040,28.333,73.217,74.705,1.6390934643745445,-1.6390934643745445,11.130048487224244,1.4273883772440712,-3.0982133630056268
ligand,7060,11.457,69.207,75.08,1.2990056112415918,-1.2990056112415918,-6.062876510032247,1.0574274690079122,-0.7989613182985238
ligand,7080,6.501,67.196,75.295,3.2692977300900767,-3.2692977300900767,-11.338163121924445,0.214400903076843,-0.4628967835357116
ligand,7100,27.842,69.145,75.58,1.9398020322292624,-1.9398020322292624,9.593016743162124,-2.272208958850854,-4.338537098368576
ligand,7120,25.499,71.974,75.258,1.0879734431877646,-1.0879734431877646,8.130279914682966,0.6310995246463804,-2.5984868633857587
ligand,7140,26.651,78.171,75.505,1.4050761706682269,-1.4050761706682269,11.014108413931872,5.310899030102519,0.49569021229240207
ligand,7160,12.022,69.696,75.412,1.299587343273264,-1.299587343273264,-5.351837041479122,1.1663750319823976,-0.4102155110136039
ligand,7180,8.842,67.492,76.064,2.346747147927638,-2.346747147927638,-8.944582009650361,-0.40119210889462664,-0.23690407883790954
ligand,7200,29.139,69.011,75.877,2.5184609178297634,-2.5184609178297634,10.821512208445064,-2.7834107555252743,-4.4721245785308525
ligand,7220,6.5259,70.904,75.764,1.5530667571828136,-1.5530667571828136,-10.21382861695212,2.9579952386003754,1.8127145745418716
ligand,7240,28.842,73.78,75.898,1.5362365572965508,-1.5362365572965508,11.89529149491537,1.1286901263931668,-1.9473521662844888
ligand,7260,26.633,78.268,75.789,1.4080671742513322,-1.4080671742513322,11.053059968818701,5.235248204855438,0.7840454255473901
ligand,7280,8.7315,67.672,76.436,2.508019892855543,-2.508019892855543,-8.961401154864333,-0.44140352443285025,0.1886478080274685
ligand,7300,25.568,70.108,76.375,1.182937403574704,-1.182937403574704,7.7782651582051585,-1.5155801174208818,-2.646006601977902
ligand,7320,29.28,73.583,76.549,1.6894235323689435,-1.6894235323689435,12.322421405661764,0.527237195352555,-1.6152852888509557
ligand,7340,11.609,71.963,76.343,1.0732699260771683,-1.0732699260771683,-5.007971965131723,2.564574450567136,1.6154730620740452
ligand,7360,22.824,74.504,76.559,0.9079247141335952,-0.9079247141335952,6.429232106220944,2.451701216217181,0.4083340215317435
ligand,7380,9.8022,67.022,77.08,1.6351089686527145,-1.6351089686527145,-8.060386572387067,-1.5224265375835415,0.13211058841180545
ligand,7400,13.842,70.529,76.95,1.0885041389157146,-1.0885041389157146,-3.2251476033282387,0.6550520867781913,0.8497344401214377
ligand,7420,29.147,72.999,77.08,2.033294570519004,-2.033294570519004,12.08308611429284,-0.2169882326316639,-1.4433750487631158
ligand,7440,15.715,76.731,77.021,1.4468822139070805,-1.4468822139070805,0.3298832653001611,5.304517521664842,3.6286192331442493
ligand,7460,14.842,79.773,76.757,1.3660275149951449,-1.3660275149951449,0.3351481828267282,8.07913999436439,5.173621309076225
ligand,7480,12.423,73.777,76.668,1.233988546483774,-1.233988546483774,-3.6837840581132397,3.706834154719566,2.615766096727228
ligand,7500,11.842,76.102,76.8,1.1252304577400862,-1.1252304577400862,-3.563973172701033,5.626399052778936,4.051567598981308
ligand,7520,9.8657,67.196,77.407,1.6905829529890708,-1.6905829529890708,-7.917524809451706,-1.5744036633719816,0.47580543138413134
ligand,7540,7.4281,70.196,77.545,2.3074294948896004,-2.3074294948896004,-9.375628146826678,1.229629056604196,2.705664826691134
ligand,7560,29.211,72.597,77.358,2.2449100821895334,-2.2449100821895334,12.057857506786107,-0.7091966714749205,-1.4345223602018677
ligand,7580,23.342,75.038,77.396,1.0450519539497456,-1.0450519539497456,7.1590207241076484,2.3254422400011734,1.2482841653664138
ligand,7600,15.572,76.676,77.127,1.4297225372858788,-1.4297225372858788,0.1885649594056389,5.227249949988007,3.7222614180091114
ligand,7620,28.842,78.357,77.511,1.1005445658959143,-1.1005445658959143,13.357797636785754,3.9468726959054976,1.7227460326589892
ligand,7640,14.847,73.262,77.564,1.0548674527464117,-1.0548674527464117,-1.4286942757127576,2.3475289458443314,2.5124393216999152
ligand,7660,12.997,76.351,77.254,1.328583559879547,-1.328583559879547,-2.3462796873116716,5.364809143044077,4.2772560895279526
ligand,7680,9.842,67.45,77.964,1.842226998251835,-1.842226998251835,-7.811953809199835,-1.6731713205435668,1.0711426499440506
ligand,7700,29.612,72.168,78.043,1.7728958949141622,-1.7728958949141622,12.387215894451877,-1.5109787706741216,-1.1840517673612965
ligand,7720,9.05,73.611,77.875,1.106823683243512,-1.106823683243512,-6.825758644708728,3.520081205178336,4.334676517030076
ligand,7740,25.053,75.16,77.89,1.427686908125273,-1.427686908125273,8.874806525082477,1.8367453558875795,1.3090743013329273
ligand,7760,31.07,76.231,77.974,1.118479146214029,-1.118479146214029,14.92477944925016,1.5567445520200351,0.485780206448581
ligand,7780,27.072,78.196,77.704,1.2917540809498729,-1.2917540809498729,11.643755509719398,4.033378645131734,2.2233919228751233
ligand,7800,15.362,73.281,77.937,0.8991297568482179,-0.8991297568482179,-0.8947331938141119,2.0615410125244793,2.7068910252488365
ligand,7820,10.279,66.89,78.58,1.516231640440689,-1.516231640440689,-7.492424073752453,-2.5495338459552173,1.1891022710821204
ligand,7840,7.5352,70.179,78.114,2.674695214818753,-2.674695214818753,-9.221121982701177,0.8803602860284698,3.1411640587774343
ligand,7860,22.596,71.306,78.212,0.9868436948660496,-0.9868436948660496,5.469504788489722,-1.0188268257717397,0.19396148278417513
ligand,7880,29.293,73.379,78.325,1.6153008873971149,-1.6153008873971149,12.455444685790908,-0.6265270439144572,-0.2562069661880173
ligand,7900,30.479,74.696,78.104,1.141094227745336,-1.141094227745336,13.938238938427205,0.34742558129322987,-0.04965554837679065
ligand,7920,16.825,75.77,78.563,1.13009484299444,-1.13009484299444,1.2703137759760494,3.465479315190187,4.145256368584967
ligand,7940,18.734,77.196,78.33,1.3867831436156808,-1.3867831436156808,3.472254342524927,4.402075058159241,4.22457947769351
ligand,7960,18.982,79.88,78.44,0.9391565019683332,-0.9391565019683332,4.482302164834024,6.473253091469282,5.627250127198437
ligand,7980,9.8157,75.714,78.58,1.046272789804182,-1.046272789804182,-5.4273106529846515,4.694731008523654,5.807928547045194
ligand,8000,11.018,66.199,79.003,1.3946043804259776,-1.3946043804259776,-6.941558501194855,-3.4803757623367915,1.0085158716001672
ligand,8020,14.825,68.725,78.852,1.258556668148786,-1.258556668148786,-2.6091072067197274,-2.044528481423903,1.263338097663393
ligand,8040,24.342,70.597,78.694,0.985055081802756,-0.985055081802756,6.981371951482558,-2.181509655480177,-0.18806903820222942
ligand,8060,7.6096,72.196,78.743,0.7779478012962661,-0.7779478012962661,-8.513908594286235,2.1540698149263235,4.673149247753301
ligand,8080,23.842,74.457,78.632,1.099016109989252,-1.099016109989252,7.5949987697089725,1.0763344247869426,1.8523618174314294
ligand,8100,18.273,75.969,78.975,1.3498725204963502,-1.3498725204963502,2.748957019024786,3.1329576594581425,4.24061101323079
ligand,8120,18.002,79.984,78.676,2.0085411061932232,-2.0085411061932232,3.6011410165432025,6.606168000126836,6.109744332137041
ligand,8140,30.524,73.367,79.08,0.888939670521372,-0.888939670521372,13.701722103593859,-1.2808903397785016,0.06648681264938716
ligand,8160,11.838,65.516,79.58,1.4843989805288302,-1.4843989805288302,-6.295700712702846,-4.50505244803027,0.9397888256835358
ligand,8180,16.342,70.851,79.57,0.856501456482217,-0.856501456482217,-0.4864471367260492,-0.9960742637495983,2.5792966763031018
ligand,8200,16.339,72.196,79.516,0.8914859294255625,-0.8914859294255625,-0.11262682547680214,0.12572202700611257,3.2225551445289113
ligand,8220,30.534,73.366,79.083,0.8975606390744691,-0.8975606390744691,13.711274748820792,-1.2851990378612825,0.06606009260093515
ligand,8240,32.551,75.45,79.082,0.4673240970906645,-0.4673240970906645,16.226458627360266,0.03669731417456035,0.6472537708265804
ligand,8260,13.883,79.402,79.27,1.389857228706478,-1.389857228706478,-0.4319745214929327,6.558840546423497,7.2884979828111085
ligand,8280,13.348,65.195,79.158,1.3394595249758223,-1.3394595249758223,-4.989532361204816,-4.807879186980912,0.0660353114007819
ligand,8300,18.296,75.433,79.58,1.095305976215723,-1.095305976215723,2.6794466380514237,2.35801979549575,4.460814587076285
ligand,8320,23.427,70.026,79.682,1.10728683873253,-1.10728683873253,6.046039656420966,-3.025605756490549,0.5549419106228299
ligand,8340,19.78,71.196,79.75,1.2735930004360458,-1.2735930004360458,2.9078269624399056,-1.4459277286998713,2.0814973193294435
ligand,8360,21.097,74.451,79.79,0.8427108558726379,-0.8427108558726379,5.0923556942505925,0.9315468043542054,3.4622808159620035
ligand,8380,12.342,77.578,79.709,1.111160670682149,-1.111160670682149,-2.375380712903059,5.117555646434809,7.087878411848067
ligand,8400,19.861,74.401,80.08,0.9523152623011836,-0.9523152623011836,3.9287754040690857,0.9564374926697994,3.9719447855893293
ligand,8420,15.822,67.77,80.48,1.1365177750396955,-1.1365177750396955,-1.7660709046728584,-3.9057356595902633,1.8810885597216185
ligand,8440,19.343,74.367,80.144,0.9116678761489188,-0.9116678761489188,3.4316343394320583,0.9882238600840196,4.1313699677224065
ligand,8460,18.342,74.804,80.164,0.9426595683336784,-0.9426595683336784,2.60333427437277,1.515069554230152,4.610663840813288
ligand,8480,12.357,77.44,80.556,1.2910211362059916,-1.2910211362059916,-2.315114458016616,4.532666864209304,7.713139230186073
ligand,8500,13.492,78.82,80.456,1.5538987341180557,-1.5538987341180557,-0.8508839883980599,5.499910435689728,8.063986782935672
ligand,8520,17.692,72.769,80.509,1.112455943305075,-1.112455943305075,1.4401072446203713,-0.20846496627033417,4.011429634599608
ligand,8540,11.07,66.472,80.804,1.324955320810864,-1.324955320810864,-6.633320194052871,-4.268146722810542,2.622591476968296
ligand,8560,26.011,70.157,80.73,0.9598615591181912,-0.9598615591181912,8.652501704119267,-3.974464759104258,0.8688578023315756
ligand,8580,17.842,73.366,80.661,0.9063519993752568,-0.9063519993752568,1.7680236658142903,0.16405692750504386,4.406032294714009
ligand,8600,13.785,79.397,80.637,1.4133380347907147,-1.4133380347907147,-0.38938179199380585,5.813909188466781,8.438098405273877
ligand,8620,17.664,71.696,80.867,1.329631315115622,-1.329631315115622,1.1445709690253452,-1.2726456083656643,3.7655539123393567
ligand,8640,10.925,67.196,81.236,1.4132829660829878,-1.4132829660829878,-6.522453263590215,-3.8939674054452453,3.3838557951823134
ligand,8660,21.516,68.698,81.58,0.846444904435409,-0.846444904435409,4.037455634941281,-4.8065721625826185,1.9009203239073713
ligand,8680,26.223,76.804,81.188,0.5949537540723095,-0.5949537540723095,10.789093167724467,1.1255276159646286,4.5920784098014735
ligand,8700,10.55,67.469,82.08,0.5421430868474303,-0.5421430868474303,-6.717592882308274,-4.072275271477963,4.309931836399997
ligand,8720,21.165,68.897,81.903,1.023011117470498,-1.023011117470498,3.791788501029302,-4.760107406238255,2.353269398995778
ligand,8740,15.054,65.289,82.58,0.9838434455923122,-0.9838434455923122,-2.992047369436925,-6.9437252786357035,2.531308355188216
ligand,8760,16.41,68.48,82.58,1.248878323977487,-1.248878323977487,-0.7925361933687611,-4.603118112084765,3.837036381325973
ligand,8780,19.463,70.196,82.137,1.4477866181787795,-1.4477866181787795,2.5614895481501776,-3.5242418450391924,3.617374537497554
ligand,8800,23.453,68.018,82.691,1.0322532027491755,-1.0322532027491755,5.802929990422712,-6.32987850603395,2.0073537967360693
ligand,8820,18.842,70.15,82.784,1.5363551188000864,-1.5363551188000864,2.021350832468677,-3.8069480124427386,4.276687354553275
ligand,8840,17.331,68.6,83.58,0.9337110363785526,-0.9337110363785526,0.22029021594060083,-5.2295904973628495,4.503636722677129
ligand,8860,18.97,69.524,83.58,1.032278342161955,-1.032278342161955,2.045595825762078,-4.780169082996466,4.583491735438656
ligand,8880,17.432,68.625,83.651,0.9461500966631464,-0.9461500966631464,0.33083628323483794,-5.267222597347022,4.550863749436786
ligand,8900,15.842,67.264,84.556,0.9027205724133032,-0.9027205724133032,-1.480896740998979,-6.5825526013157685,4.983271461625407
ligand,8920,13.069,66.795,84.892,0.7447437145196262,-0.7447437145196262,-4.224430252033606,-6.641571127653613,5.684646316734188
ligand,8940,24.842,69.042,84.798,0.9258779627455832,-0.9258779627455832,7.630135096818563,-6.923127111107348,3.9378261720213033
ligand,8960,19.001,69.599,84.739,0.8376012100507978,-0.8376012100507978,2.213003692662973,-5.368363474845694,5.5713525371191395
ligand,8980,21.842,68.93,85.485,0.8439496704229198,-0.8439496704229198,4.806872321524104,-6.845747064783879,5.165715674406442
ligand,9000,16.073,67.629,86.002,0.955689357449214,-0.955689357449214,-1.0115401293941417,-7.131410066606925,6.308398570221783
ligand,9020,16.983,68.059,86.381,0.9899985275517734,-0.9899985275517734,0.0164239297045512,-7.159627328339553,6.623255171457416
ligand,9040,18.122,69.709,86.257,1.0123258464001164,-1.0123258464001164,1.5587613862564424,-5.960728492846023,7.0912655905394075
ligand,9060,22.729,69.196,86.86,0.5551135608419059,-0.5551135608419059,5.866465312468897,-7.5556972376851235,6.224669613696619
ligand,9080,20.493,70.715,87.08,0.7455945421040276,-0.7455945421040276,4.188086660561858,-6.035731981433514,7.717387845852528
ligand,9100,17.374,69.716,87.56,0.8524043031564782,-0.8524043031564782,0.9785475687096366,-6.54131498216335,8.349690500635333
ligand,9120,18.659,71.227,87.194,1.1140851814370365,-1.1140851814370365,2.5962736845114307,-5.347606569014204,8.51193857806554
ligand,9140,13.942,70.708,87.676,0.8181657740425331,-0.8181657740425331,-2.000403602610696,-5.172091618909747,9.773495719199218
ligand,9160,17.616,70.443,88.333,0.93103185449559,-0.93103185449559,1.4935632668496268,-6.424891927102706,9.30143968131253
ligand,9180,22.539,71.406,88.383,0.6617206342337294,-0.6617206342337294,6.466296991624112,-6.5732213798141075,8.656679511987008
ligand,9200,26.842,76.356,74.284,1.2835848174908977,-1.2835848174908977,10.557815878516976,4.481083068467711,-1.4854078650224949
ligand,9220,13.245,68.266,76.08,1.1896979833919643,-1.1896979833919643,-4.524785702304996,-0.5887283592643868,-0.8818628033881879
ligand,9240,23.263,71.871,77.08,1.087546017110569,-1.087546017110569,6.15218274530239,-0.0542294078876111,-0.6116690955166746
ligand,9260,13.583,73.937,77.194,1.0598218226239795,-1.0598218226239795,-2.4793678115335,3.332150175122834,2.854239198791788
ligand,9280,9.6098,67.596,78.42,1.9793557261716832,-1.9793557261716832,-7.946027679316487,-1.7653017889296478,1.5778032998339881
ligand,9300,11.081,66.154,79.027,1.3981418797384988,-1.3981418797384988,-6.89185857380911,-3.541750992007799,0.9902676278303346
ligand,9320,22.762,70.387,78.986,1.0249878139008315,-1.0249878139008315,5.444530426154849,-2.2245239954189913,0.32382147019581
ligand,9340,9.6376,76.196,79.37,0.8047035794092515,-0.8047035794092515,-5.380758112927182,4.679899121261329,6.749074915116836
ligand,9360,20.82,74.552,79.973,0.8266985464867728,-0.8266985464867728,4.8753291060350605,0.9626565542210344,3.7312615652188015
ligand,9380,17.757,73.071,80.593,0.9568973015664388,-0.9568973015664388,1.596329144524958,-0.021973091036272763,4.219517352790476
ligand,9400,14.85,80.389,81.225,1.347726777459565,-1.347726777459565,0.9670543918828614,6.097259436350399,9.175544346407449
ligand,9420,21.65,69.053,84.388,0.7811350816626312,-0.7811350816626312,4.548435229260917,-6.101825433547937,4.368725789952592
ligand,9440,18.858,71.038,86.911,1.16561792798641,-1.16561792798641,2.703870708648914,-5.380315139128456,8.134097302080704
ligand,9460,5.842,68.646,71.366,2.1388033813777434,-2.1388033813777434,-11.949659802751093,3.6926021832313367,-2.808533086134574
ligand,9480,7.342,65.8,71.939,1.5471408602289145,-1.5471408602289145,-11.270320966473072,0.7906094090508589,-4.148302351392118
ligand,9500,7.842,69.335,71.363,1.6720656581771527,-1.6720656581771527,-9.847202269272202,3.8868844849740114,-2.9375939521917473
ligand,9520,8.6048,67.956,72.32,1.7823695426687471,-1.7823695426687471,-9.415406364234542,2.097044799270435,-3.034444537493016
ligand,9540,5.1777,69.196,72.878,1.3635786127520475,-1.3635786127520475,-12.274784470683201,3.4212298480686485,-1.1201641998983973
ligand,9560,8.5921,68.245,73.08,1.9646459156774163,-1.9646459156774163,-9.268990956309452,1.911972990691993,-2.256245819946116
ligand,9580,7.6713,70.733,73.072,1.5564462060591595,-1.5564462060591595,-9.440951811118403,4.103755626231148,-0.7714566150545892
ligand,9600,8.8787,68.718,73.283,1.8784718994013208,-1.8784718994013208,-8.840925137983923,2.130551126122967,-1.915568826456962
ligand,9620,8.342,67.334,74.153,2.6596696457026523,-2.6596696457026523,-9.658381687126841,0.6230210095114899,-1.7758525862673196
ligand,9640,7.5227,71.277,73.964,1.453197842413317,-1.453197842413317,-9.338400270102575,4.077202489641287,0.2785243716173227
ligand,9660,29.383,71.696,73.989,1.7594364876770276,-1.7594364876770276,11.627123653161888,0.3984111464830846,-4.717694495338918
ligand,9680,25.842,75.759,73.944,1.2911140520408655,-1.2911140520408655,9.400513453612362,4.368643396955008,-1.8318431657353358
ligand,9700,10.318,68.696,74.547,1.631690872348755,-1.631690872348755,-7.347691081330467,1.1473646979612653,-1.2275564795264131
ligand,9720,10.507,71.196,74.621,1.3020583552489218,-1.3020583552489218,-6.4497940589883385,3.1000463623969168,0.06550664911269166
ligand,9740,28.122,72.696,74.468,1.6967348188826028,-1.6967348188826028,10.757012387918849,1.1748886809593202,-3.5095756996276464
ligand,9760,28.512,75.21,74.954,1.254482689834733,-1.254482689834733,11.891970056630562,2.873402269200966,-1.917277146971486
ligand,9780,26.85,77.071,74.58,1.341777852470715,-1.341777852470715,10.798337361673411,4.895424426409875,-0.8776450369070687
ligand,9800,9.2572,67.7,75.08,2.08038321025563,-2.08038321025563,-8.588538138237645,0.2377269258920478,-1.0424636785055554
ligand,9820,11.734,69.344,75.245,1.299255090876834,-1.299255090876834,-5.74324207357288,1.0262434258124316,-0.6590171062735806
ligand,9840,25.586,72.196,75.242,1.2534891158730104,-1.2534891158730104,8.274695839202934,0.80416311795166,-2.5191015157622587
ligand,9860,25.113,77.105,75.08,1.3793033976341555,-1.3793033976341555,9.202029965954473,4.9636814705341905,-0.03179122311860283
ligand,9880,6.2169,67.44,75.324,3.1277582079462967,-3.1277582079462967,-11.536818998890759,0.44832116674592015,-0.2463166302627684
ligand,9900,12.715,68.008,75.589,1.0568760029986173,-1.0568760029986173,-5.152813983071745,-0.4284035825733028,-1.2922546216985893
ligand,9920,29.526,69.1,75.896,2.4742681162770075,-2.4742681162770075,11.217715020134996,-2.792646785237473,-4.503573390339113
ligand,9940,6.3683,70.696,75.881,1.663289510154283,-1.663289510154283,-10.41142892195461,2.753159126338822,1.840768924944129
ligand,9960,25.049,73.489,75.131,0.88258157667898,-0.88258157667898,8.118838199603537,2.0132403522838658,-1.821692283246577
ligand,9980,29.366,75.623,75.633,1.2798723633013256,-1.2798723633013256,12.891874141551959,2.675119868060129,-1.3500012790242124
ligand,10000,8.8363,67.49,76.08,2.346747147927638,-2.346747147927638,-8.94897633988969,-0.4106522393258203,-0.2233510056080945
ligand,10020,27.922,69.252,76.095,1.9570102103669411,-1.9570102103669411,9.751480986943129,-2.4859293770403426,-3.8777913265032
ligand,10040,7.8034,71.822,76.08,1.6626988362298378,-1.6626988362298378,-8.7031457794561,3.293363222403052,2.2369219883562863
ligand,10060,23.842,73.378,76.166,1.008959039763108,-1.008959039763108,7.040492277522716,1.5697723742939047,-0.7349994909500879
ligand,10080,9.8488,66.879,76.58,1.527914098190793,-1.527914098190793,-8.106855882085675,-1.369434925574474,-0.36493541540573915
ligand,10100,25.842,69.973,76.786,1.2641933429460073,-1.2641933429460073,8.042500859473044,-1.9034586357278727,-2.441185340358331
ligand,10120,11.246,72.196,76.389,1.0883470930580028,-1.0883470930580028,-5.283275287095492,2.7945877480937185,1.859350006200927
ligand,10140,11.39,73.148,76.585,1.0935482852948726,-1.0935482852948726,-4.855801041034553,3.4318148808293643,2.4730790590085405
ligand,10160,22.824,74.504,76.559,0.9079247141335952,-0.9079247141335952,6.429232106220944,2.451701216217181,0.4083340215317435
ligand,10180,17.408,77.696,76.49,1.0498577958564477,-1.0498577958564477,2.164932243960692,6.072072220183976,3.2780624892379677
ligand,10200,13.526,65.707,77.149,1.2276455706066696,-1.2276455706066696,-4.876362682927862,-3.3098702469604646,-1.373780940604135
ligand,10220,28.107,69.696,77.095,1.6452749970624585,-1.6452749970624585,10.154572920950137,-2.7146857377554596,-2.8695510673532
ligand,10240,7.3575,70.696,77.258,2.0626376223384386,-2.0626376223384386,-9.329756150829013,1.8075552629643568,2.7410261047415077
ligand,10260,23.342,71.711,77.22,1.125356102989664,-1.125356102989664,6.196131861888183,-0.276233759498993,-0.5967177404966861
ligand,10280,29.159,73.365,76.911,1.7612224512924075,-1.7612224512924075,12.181514200330504,0.17158160237580944,-1.398806055042968
ligand,10300,12.298,75.196,76.752,1.2543719915399063,-1.2543719915399063,-3.3913921223165673,4.83441690856683,3.439966369177597
ligand,10320,25.12,75.974,77.441,1.2115288027708355,-1.2115288027708355,9.12479804762539,2.734154971032801,1.338164184481343
ligand,10340,13.952,78.08,77.366,1.1301626171355652,-1.1301626171355652,-0.9332133531047972,6.530509507119014,5.024515212139846
ligand,10360,18.096,78.696,77.208,1.648220891390575,-1.648220891390575,3.1772406385128846,6.358817159620578,4.217145581422415
ligand,10380,13.962,68.696,77.794,1.030487479969345,-1.030487479969345,-3.5466094189935475,-1.3226525724325313,0.5814592418542475
ligand,10400,29.612,72.168,78.043,1.7728958949141622,-1.7728958949141622,12.387215894451877,-1.5109787706741216,-1.1840517673612965
ligand,10420,9.2618,73.638,77.58,1.157179490740587,-1.157179490740587,-6.645798365983062,3.6669413424604898,4.054213260687206
ligand,10440,13.403,74.196,77.211,1.121957362599408,-1.121957362599408,-2.5757086814240395,3.5658305819736142,3.043664393110774
ligand,10460,24.636,75.05,77.876,1.2172512265332125,-1.2172512265332125,8.444535197664216,1.8316635165215374,1.341101785005236
ligand,10480,25.342,75.477,77.772,1.580575444298579,-1.580575444298579,9.228563837284298,2.1065012847372984,1.3044371778525488
ligand,10500,14.574,76.696,77.199,1.3683205744787994,-1.3683205744787994,-0.7501143191073325,5.386345995473405,4.030737771075707
ligand,10520,13.38,77.838,77.57,1.0724005077483851,-1.0724005077483851,-1.526858545661085,6.325712524731408,5.2061950991932235
ligand,10540,27.842,78.47,77.631,1.1957205322800355,-1.1957205322800355,12.44845896322461,4.155146023340308,2.1188450074686784
ligand,10560,9.9981,67.274,78.443,1.4966429359619466,-1.4966429359619466,-7.664947042841774,-2.1104628609262903,1.3393763714531985
ligand,10580,7.6049,70.595,78.181,2.3339507776190334,-2.3339507776190334,-9.029740927590787,1.1679222379469394,3.392330349417051
ligand,10600,22.842,71.21,78.287,0.985363253034101,-0.985363253034101,5.684335985234064,-1.1834175940148057,0.1479784868558056
ligand,10620,15.342,73.28,77.913,0.7459591648443257,-0.7459591648443257,-0.916500743829225,2.077716236164875,2.691349599750396
ligand,10640,30.479,74.696,78.104,1.141094227745336,-1.141094227745336,13.938238938427205,0.34742558129322987,-0.04965554837679065
ligand,10660,30.932,75.616,78.08,1.1553485878235283,-1.1553485878235283,14.629134249648509,1.0242027738595567,0.2921357630318653
ligand,10680,26.132,77.171,78.08,1.6907326137591037,-1.6907326137591037,10.494066470989587,3.165232173789718,2.235131536195425
ligand,10700,19.156,77.849,78.053,0.6002051855554317,-0.6002051855554317,4.032296843776834,5.008341600510029,4.22848798348862
ligand,10720,11.595,65.696,78.895,1.4118182426311208,-1.4118182426311208,-6.545145022696978,-3.9342435363437502,0.5243026976951342
ligand,10740,10.342,66.805,78.618,1.4659746014800608,-1.4659746014800608,-7.452680281678823,-2.6511347015766233,1.1619785337178996
ligand,10760,14.825,68.725,78.852,1.258556668148786,-1.258556668148786,-2.6091072067197274,-2.044528481423903,1.263338097663393
ligand,10780,24.586,70.493,78.824,0.9499925950457068,-0.9499925950457068,7.197553811995753,-2.3827556217821737,-0.19224806108204007
ligand,10800,7.6074,71.696,78.629,1.780485658271751,-1.780485658271751,-8.669518044492122,1.8120778694172799,4.324110498882135
ligand,10820,21.436,73.696,78.776,1.0542994275471915,-1.0542994275471915,5.099140026899455,0.8197452319247915,2.158211653213016
ligand,10840,9.364,74.847,78.734,1.0385422486478089,-1.0385422486478089,-6.0888372611045085,3.9885537652463015,5.6002409503364845
ligand,10860,18.252,76.355,78.58,1.3489548090332006,-1.3489548090332006,2.798876128353861,3.669253989599653,4.116690357968849
ligand,10880,13.424,78.395,78.871,1.2607709915815677,-1.2607709915815677,-1.195841584933703,6.047384177514466,6.554433617722609
ligand,10900,12.842,65.112,79.168,1.3907645938496551,-1.3907645938496551,-5.494581995359681,-4.788071928860965,0.15296942188570029
ligand,10920,14.342,66.09,79.055,1.341389873927972,-1.341389873927972,-3.7978353404648075,-4.2066453357952795,0.2003709617245164
ligand,10940,21.342,70.501,78.665,1.0655329416577124,-1.0655329416577124,4.090658228587145,-1.6936927976869,0.4568076054411847
ligand,10960,24.342,70.495,79.111,1.0699199935829138,-1.0699199935829138,6.994324960825828,-2.495746521562893,0.10413022864057098
ligand,10980,15.857,73.283,79.08,0.8955058557729879,-0.8955058557729879,-0.30724551988336657,1.3379933047690926,3.5332172003040228
ligand,11000,9.3233,74.677,78.628,1.0690146780580474,-1.0690146780580474,-6.1866002660374235,3.916921084504203,5.435609106769746
ligand,11020,22.804,74.696,79.449,1.3809551688747532,-1.3809551688747532,6.755309016794584,1.006891902049162,2.8974229902277386
ligand,11040,12.581,77.726,79.319,1.107898825982291,-1.107898825982291,-2.1446618605008183,5.4103414584819305,6.78428282655392
ligand,11060,14.842,80.431,79.479,1.360356298195453,-1.360356298195453,0.7957915185014883,7.10201517820682,7.757278176957001
ligand,11080,13.348,65.195,79.158,1.3394595249758223,-1.3394595249758223,-4.989532361204816,-4.807879186980912,0.0660353114007819
ligand,11100,15.351,68.196,79.213,1.168322286372756,-1.168322286372756,-2.2215494487155354,-2.7704923323612505,1.1652897863929894
ligand,11120,16.324,70.839,79.514,0.8616707595945661,-0.8616707595945661,-0.5126504605627957,-0.9714269804153162,2.5312352859346703
ligand,11140,20.342,73.186,79.406,1.0709831735367563,-1.0709831735367563,3.9744614580518274,0.2566626185487024,2.6796252004942573
ligand,11160,21.449,74.212,79.427,0.9603868185461036,-0.9603868185461036,5.323590297113682,0.8746488867799158,2.956230240016808
ligand,11180,9.5736,76.197,79.584,0.8211437284424967,-0.8211437284424967,-5.41998002696257,4.573643002002413,6.941595767440518
ligand,11200,11.268,66.146,80.08,1.4958939620677396,-1.4958939620677396,-6.609942209732715,-4.167026290399818,1.8108746987764448
ligand,11220,23.905,70.133,79.699,1.207149887578029,-1.207149887578029,6.53392434829928,-3.035798672461823,0.509262244525047
ligand,11240,15.97,73.292,79.581,0.8428475304103265,-0.8428475304103265,-0.14656478729704503,1.0464859757117182,3.924441150595115
ligand,11260,19.785,74.37,80.091,0.9642972580133068,-0.9642972580133068,3.848607865861972,0.9391027894896453,3.9833760533871754
ligand,11280,18.985,75.053,79.92,0.944888715027342,-0.944888715027342,3.262645072212649,1.7347428042500184,4.382543400963073
ligand,11300,10.842,76.753,80.121,1.0772887096100896,-1.0772887096100896,-3.9985949168697985,4.494289820219336,7.365519111156615
ligand,11320,12.842,77.858,80.186,1.3390958377648885,-1.3390958377648885,-1.7711152898151852,4.988348213140313,7.505128621724452
ligand,11340,11.167,66.239,80.58,1.3553087554494354,-1.3553087554494354,-6.629548601453173,-4.35061935872001,2.2953942284844544
ligand,11360,22.641,68.696,80.347,0.9164225065728844,-0.9164225065728844,4.985601260455418,-4.329853755234183,0.6126356376234838
ligand,11380,19.482,71.471,80.087,1.2348557984022666,-1.2348557984022666,2.735694898746388,-1.3552812995696044,2.571550150700247
ligand,11400,16.343,74.196,80.244,1.1267604311696957,-1.1267604311696957,0.5325847632027063,1.343580634941027,4.84444367858805
ligand,11420,17.536,74.228,80.669,1.1752937463941773,-1.1752937463941773,1.7219464040458874,0.9150632582712532,4.926234541053816
ligand,11440,13.842,79.468,80.67,1.3737873892689283,-1.3737873892689283,-0.31154265362898315,5.842754285789724,8.487978550613008
ligand,11460,10.925,67.196,81.236,1.4132829660829878,-1.4132829660829878,-6.522453263590215,-3.8939674054452453,3.3838557951823134
ligand,11480,21.842,68.561,81.334,0.8263343046176688,-0.8263343046176688,4.284641733409522,-4.840895984660946,1.5498050893162372
ligand,11500,18.491,70.881,81.061,1.44085469463146,-1.44085469463146,1.7210903875523087,-2.193098232880054,3.3114808718646884
ligand,11520,17.82,72.174,80.701,1.0650209515549254,-1.0650209515549254,1.4124247711679558,-0.8212506717711534,3.835360444229991
ligand,11540,26.223,76.804,81.188,0.5949537540723095,-0.5949537540723095,10.789093167724467,1.1255276159646286,4.5920784098014735
ligand,11560,10.515,67.613,81.58,1.166001104915458,-1.166001104915458,-6.76033255627442,-3.671475727071474,3.979032991625928
ligand,11580,21.342,68.795,81.73,0.914136692016166,-0.914136692016166,3.914185718729172,-4.779259266590692,2.115963420680089
ligand,11600,26.546,77.696,81.497,0.7310512827323566,-0.7310512827323566,11.38156210991226,1.618553329319738,5.225624144941065
ligand,11620,24.495,68.118,82.288,1.026258224288513,-1.026258224288513,6.784371990777835,-6.215933270159908,1.476353718430488
ligand,11640,20.94,69.201,82.332,1.1116720513136251,-1.1116720513136251,3.7067522956230476,-4.710375183484366,2.916632115005683
ligand,11660,15.054,65.289,82.58,0.9838434455923122,-0.9838434455923122,-2.992047369436925,-6.9437252786357035,2.531308355188216
ligand,11680,22.258,68.638,82.881,0.778855033889249,-0.778855033889249,4.858733281985231,-5.713381519823926,2.766925414011098
ligand,11700,26.342,69.727,82.88,1.058155275616321,-1.058155275616321,9.062141707142715,-5.57746276837824,2.345188879761892
ligand,11720,22.241,68.696,83.334,0.7794732050607505,-0.7794732050607505,4.904552141992134,-5.914671088293119,3.17465711708698
ligand,11740,12.83,65.696,83.699,0.9025113036319776,-0.9025113036319776,-4.8845021712229695,-6.827223365782757,4.195348056487006
ligand,11760,22.094,68.751,83.58,0.7828810301748766,-0.7828810301748766,4.804748024592399,-5.97967161161985,3.4410479392211357
ligand,11780,12.556,66.3,84.291,0.9957418428644428,-0.9957418428644428,-4.914640847521213,-6.6155901331730576,5.058284343269605
ligand,11800,12.746,66.528,84.58,0.9451055197802068,-0.9451055197802068,-4.639640103023716,-6.625835329895978,5.367920624202483
ligand,11820,24.429,68.714,84.725,0.8901299642141587,-0.8901299642141587,7.135811938640714,-7.0730657230099325,3.808810560757351
ligand,11840,25.016,69.196,84.821,0.9022837641628996,-0.9022837641628996,7.842109214310398,-6.842823332160535,3.9938554197444205
ligand,11860,13.842,67.43,85.299,0.6595652076888247,-0.6595652076888247,-3.2660413715626433,-6.493904974399349,6.160133920119094
ligand,11880,21.306,69.204,85.044,0.7179365432741109,-0.7179365432741109,4.329290393388469,-6.2804380360953616,5.069829262431256
ligand,11900,20.971,69.229,85.58,0.8204843166533217,-0.8204843166533217,4.070864429808736,-6.496317463396167,5.605327249557419
ligand,11920,17.27,68.484,86.368,0.9630222689449616,-0.9630222689449616,0.4095148700909803,-6.860164791350449,6.760967558431716
ligand,11940,18.16,69.753,86.262,1.014780694968768,-1.014780694968768,1.6079977403120154,-5.934766156750378,7.108779543370531
ligand,11960,22.756,69.22,86.889,0.5651845247589088,-0.5651845247589088,5.9019444238258885,-7.557269266595732,6.254414552466471
ligand,11980,19.22,71.207,86.945,1.0925010093204448,-1.0925010093204448,3.1004719005207093,-5.328389356820509,8.161885928127603
ligand,12000,17.605,69.855,87.08,1.004308273476781,-1.004308273476781,1.1900316416449854,-6.2044062858186635,7.969100147076546
ligand,12020,18.659,71.227,87.194,1.1140851814370365,-1.1140851814370365,2.5962736845114307,-5.347606569014204,8.51193857806554
ligand,12040,14.342,70.108,87.647,0.7212252430427654,-0.7212252430427654,-1.7923747402613515,-5.716087095538185,9.347310414622171
ligand,12060,17.279,69.684,88.202,0.8811950569730385,-0.8811950569730385,0.9434287111915083,-6.906251411133198,8.886161439883068
ligand,12080,20.842,71.186,88.127,0.6293092776545848,-0.6293092776545848,4.759950576640868,-6.298716999934847,8.738985389668414
ligand,12100,6.0033,68.896,71.362,2.0162051296466923,-2.0162051296466923,-11.725236858600255,3.8681104489564575,-2.722714202426914
ligand,12120,27.875,71.291,73.876,1.8031644302382552,-1.8031644302382552,10.062811478155652,0.4088096897391722,-4.657053837151437
ligand,12140,28.842,73.78,75.898,1.5362365572965508,-1.5362365572965508,11.89529149491537,1.1286901263931668,-1.9473521662844888
ligand,12160,22.25,71.765,77.915,0.9886537473540924,-0.9886537473540924,5.2401271277099895,-0.418160993416798,0.26602011569215733
ligand,12180,22.615,71.288,78.229,0.9747309687988585,-0.9747309687988585,5.48421710709286,-1.0463488361525748,0.19425580559419586
ligand,12200,25.016,70.402,79.001,0.977993457731076,-0.977993457731076,7.599507472157882,-2.633619665124762,-0.19548640017399066
ligand,12220,16.254,70.808,79.331,0.8769610267262729,-0.8769610267262729,-0.6066043824469105,-0.88217053961624,2.3810489072631356
ligand,12240,11.659,76.96,80.401,0.9729891156654056,-0.9729891156654056,-3.1326156122782507,4.357133898843237,7.506962022787462
ligand,12260,17.741,70.319,81.243,1.2473314051698474,-1.2473314051698474,0.8645974629666995,-2.612706037173446,3.3541090399096163
ligand,12280,26.326,69.716,82.88,1.0600203502630676,-1.0600203502630676,9.043760508128528,-5.583456414553211,2.3433978665485
ligand,12300,24.593,70.34,87.426,0.5425374529168503,-0.5425374529168503,8.025725068688665,-7.283188026848606,6.830412162292177
ligand,12320,21.425,71.133,88.611,0.7167909214530682,-0.7167909214530682,5.349456680390141,-6.717196864467617,8.972032931219474
ligand,12340,7.0632,71.331,75.302,1.6479721039570627,-1.6479721039570627,-9.626655047024961,3.4624669155187746,1.5208244994003337
ligand,12360,10.558,72.639,76.501,1.0197256745116872,-1.0197256745116872,-5.802171783013591,3.217889392657895,2.3427743997033588
ligand,12380,13.574,73.941,77.194,1.0635452766643507,-1.0635452766643507,-2.486812995712846,3.337044417148185,2.8584362963046885
ligand,12400,14.208,69.151,78.19,1.050146665582538,-1.050146665582538,-3.142962901065779,-1.218376025100433,1.0820118267454575
ligand,12420,13.137,78.135,78.764,1.1306369010762585,-1.1306369010762585,-1.5541229396484084,5.9484076311122465,6.401934063211527
ligand,12440,16.284,71.696,79.607,0.8664305907791068,-0.8664305907791068,-0.29796798005783387,-0.32039331988268316,3.055415222042228
ligand,12460,25.784,70.004,80.82,0.9299552142630728,-0.9299552142630728,8.401638330538617,-4.106974288933877,0.9193235560668427
ligand,12480,18.779,70.38,82.041,1.532704847002508,-1.532704847002508,1.9519107236391946,-3.196351844968291,3.7957836307672466
ligand,12500,12.866,66.666,84.764,0.8520444826103862,-0.8520444826103862,-4.467511821002226,-6.637992153351334,5.561631920134857
ligand,12520,17.24,69.507,87.891,0.8255578029455471,-0.8255578029455471,0.8246844657532435,-6.870078498173896,8.54828228316677
receptor,0,21.651,64.636,75.051,1.489976532753721,-1.489976532753721,2.3556607904185327,-4.502743895832523,-5.597423792313236
receptor,20,20.981,66.397,74.946,1.480365083452395,-1.480365083452395,2.206547386246399,-2.89291766981124,-4.6241454586849216
receptor,40,21.596,64.827,75.118,1.3063065220099004,-1.3063065220099004,2.3642175132275653,-4.374891169199024,-5.43136517980804
receptor,60,21.238,66.426,74.715,1.448673432636853,-1.448673432636853,2.436609867576699,-2.788242314349347,-4.861559284405061
receptor,80,21.237,66.03,74.661,1.4817252849738016,-1.4817252849738016,2.317723962820409,-3.079379593708758,-5.108213346235544
receptor,100,21.048,65.98,74.7,1.4640961936585872,-1.4640961936585872,2.1272276669361645,-3.106971028954007,-5.056330073830168
receptor,120,20.868,66.306,74.809,1.477934629584237,-1.477934629584237,2.0591722570116104,-2.869999565862912,-4.756713674311612
receptor,140,19.892,67.44,75.038,1.6682204284575866,-1.6682204284575866,1.473741384895689,-1.898237202820738,-3.7547547910492938
receptor,160,21.906,66.542,74.231,1.4146114009319672,-1.4146114009319672,3.0578405340566164,-2.5478340185810495,-5.361771549699199
receptor,180,20.928,67.207,73.265,0.7372557001860724,-0.7372557001860724,2.217099295959059,-1.292879812335876,-5.585622193633327
receptor,200,20.2,66.19,75.293,1.2344820062638764,-1.2344820062638764,1.4379415905316932,-3.1104078616312023,-4.25650140901746
receptor,220,20.622,67.831,72.794,1.1680747009047563,-1.1680747009047563,2.055241641428111,-0.4690804389409564,-5.58250898565791
receptor,240,15.072,70.979,71.404,0.7752125689468516,-0.7752125689468516,-2.4821601213430995,3.873433832942979,-3.793917628839665
receptor,260,14.657,71.03,71.349,0.7221718657578566,-0.7221718657578566,-2.8689074874633675,4.021372871085376,-3.7139706727216435
receptor,280,14.264,70.969,71.358,0.6867555094375052,-0.6867555094375052,-3.260061120405304,4.038883089187173,-3.643662581449334
receptor,300,15.017,70.613,71.29,0.6258553296243932,-0.6258553296243932,-2.6500457744484365,3.6498364266089354,-4.061864652264219
receptor,320,14.502,70.781,71.663,0.6617206342337294,-0.6617206342337294,-3.0558675630782304,3.6734392443041557,-3.54482540533013
receptor,340,13.325,72.382,71.749,0.4609213245345241,-0.4609213245345241,-3.714659360960333,5.140307682873662,-2.374262997351849
receptor,360,13.637,72.013,71.646,0.5425374529168503,-0.5425374529168503,-3.5323537375589,4.840934584990968,-2.722479033657379
receptor,380,13.738,71.609,71.486,0.6064732718271011,-0.6064732718271011,-3.566913292810014,4.583460900854313,-3.0851495992095863
receptor,400,13.675,71.339,71.491,0.636388543666023,-0.636388543666023,-3.703187779993506,4.37316160388054,-3.203882365686283
receptor,420,13.603,71.279,71.668,0.6283051766040755,-0.6283051766040755,-3.7710881780332173,4.239417402697818,-3.071160760074946
receptor,440,13.981,71.046,71.805,0.6333305742292196,-0.6333305742292196,-3.463080893594068,3.9050718541848113,-3.1675275952515847
receptor,460,13.031,72.755,71.628,0.6811819346262623,-0.6811819346262623,-3.901189495143832,5.563972053926989,-2.2132629670988706
receptor,480,10.561,73.066,69.008,1.1429588396829422,-1.1429588396829422,-6.4314511882728596,7.723189344112008,-3.626619772031688
receptor,500,9.1505,72.053,68.332,1.1510017315369383,-1.1510017315369383,-8.132139197846307,7.5349465124973705,-4.364779768535712
receptor,520,9.5346,72.352,68.418,1.1361737348801932,-1.1361737348801932,-7.672304043907808,7.659434061134974,-4.232930265553875
receptor,540,9.9982,72.574,68.61,1.0972652702241867,-1.0972652702241867,-7.147881779741567,7.648041600077946,-4.071919518465904
receptor,560,10.424,72.794,68.945,1.1339370332114491,-1.1339370332114491,-6.6456911267464065,7.5625714931664945,-3.7848131812512236
receptor,580,9.0197,71.506,67.934,1.124325736414031,-1.124325736414031,-8.452279631752852,7.33603063746299,-4.941550275095665
receptor,600,9.1164,71.705,68.311,1.1705119089714626,-1.1705119089714626,-8.265631280696695,7.270499774426085,-4.55174392697181
receptor,620,9.2924,72.101,68.531,1.2315688367084017,-1.2315688367084017,-7.963189529941381,7.437429118270138,-4.209902470205861
receptor,640,8.3576,72.502,68.114,1.167488439328468,-1.167488439328468,-8.78253685707746,8.165518903536721,-4.125663155717689
receptor,660,9.4386,71.986,66.493,1.110463758217806,-1.110463758217806,-8.061386415986085,8.44864305112938,-5.986372901584474
receptor,680,9.0315,71.506,66.439,1.0008561743454265,-1.0008561743454265,-8.591356129600712,8.163750752840528,-6.178765445688782
receptor,700,7.9745,72.31,67.985,1.0694117752266588,-1.0694117752266588,-9.215343914396414,8.15153253389505,-4.238592525675841
receptor,720,9.84,73.544,66.093,0.926222910137655,-0.926222910137655,-7.276246326479239,9.861236775645132,-5.616751515152572
receptor,740,9.5513,73.039,65.898,1.1305447807303672,-1.1305447807303672,-7.71460119216659,9.61263920146746,-5.966668573669594
receptor,760,17.323,78.13,71.152,1.3269091904048211,-1.3269091904048211,1.6704261904171815,9.40292232563673,-0.8873578182476933
receptor,780,17.381,78.51,72.403,1.3361798415055437,-1.3361798415055437,1.9594793708311613,9.006174742449083,0.32582172911011753
receptor,800,17.405,78.214,72.104,1.3361798415055437,-1.3361798415055437,1.868205214380552,8.92759349558002,-0.0780186056816774
receptor,820,17.539,78.122,71.869,1.3143290940317671,-1.3143290940317671,1.9462082213174767,8.9588494076569,-0.35111858530275697
receptor,840,17.619,78.275,71.767,1.2919201479234448,-1.2919201479234448,2.0556992573388158,9.124951027664508,-0.37631709442187855
receptor,860,17.447,78.336,71.533,1.331878820254006,-1.331878820254006,1.8854962084210953,9.335849080184644,-0.4972051979818417
receptor,880,17.132,78.15,71.208,1.247023275295527,-1.247023275295527,1.499619096768427,9.423055285970293,-0.7851981360464038
receptor,900,16.831,77.634,73.83,1.0872152106493247,-1.0872152106493247,1.329670996115631,7.60405555234798,1.1881489221687644
receptor,920,17.124,77.867,73.601,1.1158578220442832,-1.1158578220442832,1.6522167066011946,7.866541590873133,1.04799063940699
receptor,940,17.442,78.075,73.479,1.1687248541810256,-1.1687248541810256,2.0022569436710143,8.04476747795593,0.9774260193367184
receptor,960,17.681,78.356,73.406,1.2326777036239862,-1.2326777036239862,2.3026362708697903,8.269495089356667,1.003517406147779
receptor,980,17.747,78.681,73.199,1.272025451173505,-1.272025451173505,2.4370847660668247,8.636000444020802,0.9828430949917077
receptor,1000,16.79,77.515,74.152,1.119421745868394,-1.119421745868394,1.2891479118347746,7.336271960721106,1.4030345375453663
receptor,1020,16.914,77.868,73.862,1.0903585591167186,-1.0903585591167186,1.478508635839269,7.760943166429406,1.3142545665679393
receptor,1040,16.437,76.15,74.158,1.4447611861925185,-1.4447611861925185,0.5653701879294388,6.290113872653102,0.7951126172724514
receptor,1060,16.704,76.531,74.183,1.3705973597881604,-1.3705973597881604,0.9307117325742311,6.5364469076787515,0.946508098088799
receptor,1080,16.876,76.97,74.237,1.138951722177547,-1.138951722177547,1.2248637040186239,6.831144704321218,1.174211471690171
receptor,1100,16.969,77.44,74.2,1.0374226751192197,-1.0374226751192197,1.4433451545292115,7.215982054802502,1.3615188913438914
receptor,1120,16.161,75.633,74.6,1.538229274108494,-1.538229274108494,0.19976846344277277,5.6758515170140384,0.961984237079804
receptor,1140,16.163,76.025,74.34,1.607238476681735,-1.607238476681735,0.28689760215863913,6.137863134125041,0.9470919961098048
receptor,1160,16.519,74.558,74.434,1.4429910057757636,-1.4429910057757636,0.21902794606091192,4.830206833336845,0.19006510835079382
receptor,1180,16.546,74.941,74.43,1.4833638689806188,-1.4833638689806188,0.3531796790934223,5.1382293231124905,0.3759668520671511
receptor,1200,16.509,75.279,74.574,1.5644941095733254,-1.5644941095733254,0.428404477558054,5.339310340713986,0.6763943043019651
receptor,1220,17.204,74.087,74.849,1.2301402103626886,-1.2301402103626886,0.7801010353338071,4.092196575901177,0.12818741920921184
receptor,1240,16.827,74.208,74.884,1.3998857863952603,-1.3998857863952603,0.45852362144497505,4.240009230601395,0.3091138848991193
receptor,1260,16.495,74.371,74.711,1.3167511796106368,-1.3167511796106368,0.17087096991316741,4.5291164487918465,0.3289876982447595
receptor,1280,16.355,74.675,74.466,1.44379160124033,-1.44379160124033,0.09910970959131049,4.937417163174906,0.3155025897430477
receptor,1300,17.38,73.717,74.58,1.0570958597569131,-1.0570958597569131,0.8157535318460347,3.909075145352489,-0.3250591374972487
receptor,1320,17.238,74.085,74.652,1.2694301249908293,-1.2694301249908293,0.7921430230210049,4.193700644883776,-0.04362909487636557
receptor,1340,18.26,73.01,75.022,1.2802174348434374,-1.2802174348434374,1.498428714459358,2.9288729590532867,-0.5318712962745309
receptor,1360,17.961,73.23,75.1,1.1297613077531168,-1.1297613077531168,1.2836743687207104,3.1188503095746754,-0.28352843393450655
receptor,1380,17.607,73.321,75.022,1.1219432756069765,-1.1219432756069765,0.9641421486852906,3.300835539549979,-0.21673370038412543
receptor,1400,17.335,73.462,74.788,1.046117936834044,-1.046117936834044,0.7213160650293204,3.594962198182543,-0.27282293088296683
receptor,1420,18.212,72.732,74.856,1.118981614998453,-1.118981614998453,1.3569893757859717,2.80425773437819,-0.7994716685740002
receptor,1440,18.399,70.994,74.745,1.1327885413530303,-1.1327885413530303,1.0303729828360062,1.4214823341377283,-1.8237704161794994
receptor,1460,18.596,72.197,76.348,1.1650474624933471,-1.1650474624933471,1.7211707183297094,1.4716168702185257,0.06723778500017374
receptor,1480,18.275,72.513,76.251,1.0054033703669003,-1.0054033703669003,1.4951156151284835,1.8406580283269207,0.22539502934482414
receptor,1500,17.891,71.964,74.353,1.1057995763081705,-1.1057995763081705,0.7821480707792077,2.5191638620567076,-1.5303293551470176
receptor,1520,18.56,73.256,75.852,1.036436318431499,-1.036436318431499,1.9378286930457236,2.612768029029141,0.20733187744208692
receptor,1540,18.296,69.769,75.584,1.3983709160092586,-1.3983709160092586,0.6685071896834955,-0.01928936721011354,-1.7322004847536192
receptor,1560,18.049,71.259,76.94,1.0067441398301131,-1.0067441398301131,0.9926464392109366,0.4821567673284335,0.2077300606711674
receptor,1580,17.823,71.592,76.68,1.0242683677604374,-1.0242683677604374,0.8456139936692679,0.9380687715387168,0.2172539451198503
receptor,1600,18.017,70.887,74.807,1.1150645657704397,-1.1150645657704397,0.64196881779759,1.3702344772728665,-1.735833724477061
receptor,1620,18.123,67.85,77.371,1.3911053870165135,-1.3911053870165135,0.13805734784156698,-2.5365559785225784,-1.195683222346048
receptor,1640,17.364,69.351,78.479,1.0928961845120564,-1.0928961845120564,-0.04781182220773417,-1.794719021595398,0.6676140113132192
receptor,1660,17.096,69.628,78.095,0.8664305907791068,-0.8664305907791068,-0.2632697199151366,-1.3077152989067216,0.5561946754559415
receptor,1680,17.677,68.608,76.43,1.1017596889726584,-1.1017596889726584,-0.166482691061546,-1.3174874409128066,-1.478681924312781
receptor,1700,17.145,68.823,78.847,1.171130720705275,-1.171130720705275,-0.3696296329803772,-2.3872710705143305,0.7541262416131644
receptor,1720,18.197,67.148,78.088,1.50603250811498,-1.50603250811498,0.08127776743400261,-3.51769369676051,-0.9800125078305655
receptor,1740,16.693,68.119,79.393,1.1739100760688457,-1.1739100760688457,-0.9457173694944032,-3.1787438078760673,0.9534496618408781
receptor,1760,16.295,68.619,79.245,1.1546499819912304,-1.1546499819912304,-1.1980469541926126,-2.617996551207902,1.1819235002232062
receptor,1780,18.32,67.106,76.649,1.3108152986498474,-1.3108152986498474,0.041930300313936186,-2.7755084891424104,-2.2190552409209516
receptor,1800,17.442,66.603,78.352,1.471054774265563,-1.471054774265563,-0.7669076356899964,-3.9681110762985057,-0.8597972586418337
receptor,1820,17.003,65.141,77.445,1.4273858748836104,-1.4273858748836104,-1.6920500824304767,-4.570404216774982,-2.2505410978063196
receptor,1840,16.996,65.405,77.81,1.4962154329888808,-1.4962154329888808,-1.587020849481803,-4.557537672090717,-1.8126217990147495
receptor,1860,16.951,65.765,78.076,1.4758554460797,-1.4758554460797,-1.5009064168691424,-4.40486404963363,-1.3983078244717433
receptor,1880,16.976,66.18,78.202,1.616534653920072,-1.616534653920072,-1.3464985987849545,-4.142675473093995,-1.0882410960944355
receptor,1900,17.145,66.538,78.245,1.4690805288891058,-1.4690805288891058,-1.079325116723787,-3.907041580173498,-0.9102832387505089
receptor,1920,17.385,66.778,78.338,1.433852083622051,-1.433852083622051,-0.7729483401378587,-3.807910104953372,-0.7683141527159165
receptor,1940,17.189,66.805,78.366,1.4591429784997882,-1.4591429784997882,-0.9493497996100686,-3.765638713790544,-0.6845009402418043
receptor,1960,16.442,64.371,76.82,1.2879902442427509,-1.2879902442427509,-2.5085690889361913,-4.745429289048985,-3.025724260736496
receptor,1980,16.458,64.677,77.037,1.354016183732658,-1.354016183732658,-2.3845590455668173,-4.620544013805258,-2.6940524693962686
receptor,2000,16.534,65.04,77.183,1.4006815222471158,-1.4006815222471158,-2.1942842929522826,-4.420991289349409,-2.4062413704446612
receptor,2020,16.713,65.392,77.333,1.4759333881004646,-1.4759333881004646,-1.9085210590893595,-4.251453779556478,-2.145393892125611
receptor,2040,16.06,64.246,76.353,1.056578349671606,-1.056578349671606,-2.955279950596811,-4.517630994383083,-3.3837680332304956
receptor,2060,16.426,64.339,76.497,1.0801423826076684,-1.0801423826076684,-2.565395198544593,-4.589162466471834,-3.3049382887300993
receptor,2080,15.442,63.615,76.983,1.0407072109709647,-1.0407072109709647,-3.6604644204817447,-5.266092025999832,-3.0380717104495147
receptor,2100,15.676,63.912,76.873,1.321421571019381,-1.321421571019381,-3.3640275682446656,-5.006927853935515,-3.0331600351766355
receptor,2120,15.778,64.179,76.693,1.0357008388984354,-1.0357008388984354,-3.2090154669760125,-4.709064165585531,-3.069786140932308
receptor,2140,14.501,63.586,77.592,1.339407399400664,-1.339407399400664,-4.504717122538466,-5.4552862509405315,-2.324877543115676
receptor,2160,14.747,63.569,77.185,1.5336332696633082,-1.5336332696633082,-4.315909166202076,-5.288219470950857,-2.728479137076789
receptor,2180,15.119,63.538,76.904,1.072660247780499,-1.072660247780499,-3.998266773141218,-5.225538439446126,-3.0653476550776304
receptor,2200,15.534,63.63,76.787,1.0454517100134606,-1.0454517100134606,-3.5881887561355157,-5.161975815372003,-3.2142563948798397
receptor,2220,14.493,63.342,78.088,1.2119517598105043,-1.2119517598105043,-4.531790232832016,-5.927123040932891,-2.038079547465884
receptor,2240,14.648,63.606,77.725,1.2699371172960163,-1.2699371172960163,-4.3454958341292595,-5.539818962573861,-2.240020003785162
receptor,2260,13.429,62.741,78.878,1.1072766278520088,-1.1072766278520088,-5.637627799936276,-6.658351741418194,-1.4382255129145278
receptor,2280,13.612,62.87,78.529,1.1358505141235338,-1.1358505141235338,-5.461580543831943,-6.393481592876668,-1.7042746963933268
receptor,2300,13.937,62.909,78.272,1.3731251981773724,-1.3731251981773724,-5.166452937088451,-6.278717768641606,-1.9743190638309613
receptor,2320,14.317,63.042,78.096,1.2735930004360458,-1.2735930004360458,-4.784032391310831,-6.142726339113423,-2.1426219374310165
receptor,2340,13.571,62.309,79.085,1.0717743874872168,-1.0717743874872168,-5.604145008957978,-7.149778174305162,-1.5219868630009046
receptor,2360,13.278,60.599,78.704,1.194186461536628,-1.194186461536628,-6.4076400925254475,-8.272019920334252,-2.640056232115569
receptor,2380,13.083,61.037,78.789,1.1111121996399926,-1.1111121996399926,-6.460592527855987,-7.928106255971642,-2.299448787896793
receptor,2400,13.073,61.505,78.764,1.1345695414897352,-1.1345695414897352,-6.339683961847022,-7.532682971013124,-2.078608247283711
receptor,2420,13.263,61.879,78.739,1.070188571649975,-1.070188571649975,-6.054778910895166,-7.250167539956152,-1.9536476808765428
receptor,2440,13.515,62.133,78.821,1.1691944598483917,-1.1691944598483917,-5.734088767649865,-7.135769390577991,-1.8164802815275465
receptor,2460,13.682,62.412,78.958,1.3270928833889426,-1.3270928833889426,-5.481813926083284,-7.016045916912724,-1.6007890805802703
receptor,2480,13.122,60.629,78.583,1.2000608857980832,-1.2000608857980832,-6.560031448428937,-8.15193194610994,-2.6873082489254045
receptor,2500,13.535,60.262,78.473,1.2170221368778886,-1.2170221368778886,-6.2815571878723375,-8.464300097392417,-3.064450429371746
receptor,2520,14.133,68.866,67.155,1.2705730443080478,-1.2705730443080478,-4.405054619106004,4.689711524011372,-8.15701956227386
receptor,2540,13.95,68.326,67.373,1.3382544681021422,-1.3382544681021422,-4.7110383705878505,4.164093666120294,-8.209104217356725
receptor,2560,14.182,67.228,68.289,0.7209969545917847,-0.7209969545917847,-4.709655961101646,2.722247848671998,-8.069237396234428
receptor,2580,14.433,67.671,68.322,1.3483497943167837,-1.3483497943167837,-4.341152089376784,3.0173752335920057,-7.8757335895688385
receptor,2600,12.798,67.431,69.796,0.761036739575505,-0.761036739575505,-5.8201049149160795,2.3039623788100414,-6.390054741882977
receptor,2620,14.338,66.297,68.87,0.7211177253251786,-0.7211177253251786,-4.7669814495567735,1.6157817179585265,-8.102471263859897
receptor,2640,14.547,66.703,68.966,0.692588721015506,-0.692588721015506,-4.442701627204961,1.8536119188593219,-7.865801890355499
receptor,2660,13.075,67.582,70.042,0.9171997924184788,-0.9171997924184788,-5.4883482618290955,2.2391737889348278,-6.17607819701297
receptor,2680,14.524,65.64,69.315,0.7263137132304401,-0.7263137132304401,-4.7315343741811375,0.8016247458626111,-8.11519642141944
receptor,2700,26.245,64.949,71.397,0.8757420894513122,-0.8757420894513122,6.457575981756634,-3.062070869854608,-9.55384566002266
receptor,2720,25.846,65.191,71.591,0.8914070291124917,-0.8914070291124917,6.165385201340058,-2.900315615184887,-9.174555816464618
receptor,2740,25.184,66.358,72.53,1.0355079173819433,-1.0355079173819433,5.960124263905165,-2.3534288120869817,-7.644641841052689
receptor,2760,25.592,66.121,72.421,0.9379641876425312,-0.9379641876425312,6.270864174208334,-2.5599600448576965,-7.953348106027974
receptor,2780,25.877,65.954,72.073,0.8831673228657196,-0.8831673228657196,6.460177038975324,-2.5544924586666156,-8.394198131246256
receptor,2800,25.903,65.718,71.672,0.8831765421990289,-0.8831765421990289,6.37759924594301,-2.5281381709943176,-8.852083880772483
receptor,2820,25.839,65.33,71.447,0.9143821459650388,-0.9143821459650388,6.183720412333713,-2.7063198868964804,-9.220767042845907
receptor,2840,25.036,66.598,72.316,1.1446608000722571,-1.1446608000722571,5.865669884663625,-2.01279737841093,-7.663312583777298
receptor,2860,23.962,67.994,72.424,1.4200158936374223,-1.4200158936374223,5.249061678396039,-0.7433387030350431,-6.603961371253163
receptor,2880,24.309,67.711,72.683,1.341591768659472,-1.341591768659472,5.525572911748554,-1.1802954611112355,-6.61772107333627
receptor,2900,24.749,67.435,72.703,1.3315316275715972,-1.3315316275715972,5.868716727602681,-1.495940529672417,-6.8474959900135985
receptor,2920,25.072,67.109,72.505,1.2007429686958002,-1.2007429686958002,6.064174511373949,-1.709705670616387,-7.254816158039247
receptor,2940,23.937,68.684,72.072,1.2906778435495847,-1.2906778435495847,5.385856117632564,0.01647251554990703,-6.536114532664882
receptor,2960,24.026,68.221,72.147,1.3576729368155147,-1.3576729368155147,5.346722867129685,-0.4171222791277742,-6.732020486462858
receptor,2980,24.116,67.799,72.382,1.3593938668561818,-1.3593938668561818,5.336279714095198,-0.9064515593000451,-6.775111043674258
receptor,3000,23.213,69.181,71.794,1.3298483010661886,-1.3298483010661886,4.808758606519163,0.7066735099777048,-6.338503677807182
receptor,3020,23.509,69.035,72.134,1.3437550562745624,-1.3437550562745624,5.083707098954534,0.34525208606901714,-6.2031896694882676
receptor,3040,23.899,68.76,72.253,1.3881246951846402,-1.3881246951846402,5.389414430202365,-0.015376872773934736,-6.338746969790307
receptor,3060,23.357,69.762,71.031,1.1946420157782254,-1.1946420157782254,5.034401719703872,1.5752339938960986,-6.706136471839173
receptor,3080,23.398,69.462,71.232,1.035641012177471,-1.035641012177471,5.008477699793453,1.212740403317838,-6.703248222998425
receptor,3100,23.316,69.183,71.47,1.2751138713942851,-1.2751138713942851,4.874958713235806,0.8692803219249967,-6.629648951818368
receptor,3120,23.135,69.567,70.318,0.8624030536259351,-0.8624030536259351,4.6956291228203995,1.8534808650897503,-7.3413449464927965
receptor,3140,23.037,69.8,70.657,1.1974471456600804,-1.1974471456600804,4.702467706229562,1.872299633932947,-6.918955212105018
receptor,3160,23.699,69.257,69.012,0.5805742436457257,-0.5805742436457257,5.014014333866925,2.223601772445413,-8.713013044585438
receptor,3180,23.739,69.535,69.422,0.8264907915495,-0.8264907915495,5.172360728743676,2.2142370111767136,-8.242032450000153
receptor,3200,23.689,69.557,69.9,0.8485117662384883,-0.8485117662384883,5.179000166128894,1.975906774579471,-7.824153740091731
receptor,3220,23.455,69.483,70.259,0.954411361828353,-0.954411361828353,4.970954880354874,1.7594533911690462,-7.5095459018591555
receptor,3240,23.157,69.524,70.511,0.889641398747837,-0.889641398747837,4.723797000046012,1.7074269257273684,-7.209220696298786
receptor,3260,24.012,69.246,69.16,0.7608921369191647,-0.7608921369191647,5.324219261936783,2.0751788287622617,-8.671329326066143
receptor,3280,12.703,73.529,66.739,0.7097147126323035,-0.7097147126323035,-4.485656325240264,8.96595867664626,-5.77610825469641
receptor,3300,12.287,74.029,66.934,1.928955103052512,-1.928955103052512,-4.720659111120995,9.339602585977573,-5.260118991583397
receptor,3320,24.287,71.029,67.425,0.548566224831192,-0.548566224831192,5.918518507609683,4.434549151181635,-9.258797698218473
receptor,3340,8.6044,67.529,68.239,0.5088153163419052,-0.5088153163419052,-9.947457229180827,4.016053286599735,-6.622092578015923
receptor,3360,6.8836,71.529,68.239,0.990071309236256,-0.990071309236256,-10.45186516977683,7.576724544384859,-4.166823659252316
receptor,3380,9.287,66.822,68.739,0.5741834628517255,-0.5741834628517255,-9.447172428654994,3.039819271192904,-6.733779755102049
receptor,3400,7.287,70.529,68.61,0.8981544216450865,-0.8981544216450865,-10.314011751485062,6.4855226296034445,-4.46790068634445
receptor,3420,10.764,65.029,69.239,0.5568945342154963,-0.5568945342154963,-8.497950348642568,1.036918497655229,-7.590368299374646
receptor,3440,26.179,68.529,69.239,0.5674822675838367,-0.5674822675838367,7.194717390559163,1.052584031705237,-9.490936324481908
receptor,3460,6.5743,71.029,69.239,1.0739831227533947,-1.0739831227533947,-10.788280055455083,6.6726072971296375,-3.522569425343306
receptor,3480,10.084,66.529,69.739,0.9294404377733396,-0.9294404377733396,-8.669913170328343,2.100974882748922,-6.2484991562391485
receptor,3500,26.287,69.078,69.739,0.6399338751489615,-0.6399338751489615,7.503942518996936,1.200678935808206,-8.823468932528272
receptor,3520,24.787,71.529,69.531,0.8511669856505942,-0.8511669856505942,6.749087414982114,3.5795736048445193,-7.384122231565172
receptor,3540,9.5026,67.529,70.239,1.240763057204683,-1.240763057204683,-8.889908694325847,2.7412905019566267,-5.185661521781412
receptor,3560,26.787,69.029,70.097,0.7056170445812119,-0.7056170445812119,8.002774062737664,0.8705935546334018,-8.67255262425141
receptor,3580,6.236,71.529,70.239,0.9736386747065928,-0.9736386747065928,-10.868249472305031,6.585156848831694,-2.3605004938847713
receptor,3600,23.787,73.529,70.476,1.1061048625471597,-1.1061048625471597,6.458797029772285,4.860910178873787,-5.342815523520144
receptor,3620,9.0409,68.029,70.739,1.19204876131887,-1.19204876131887,-9.137817899501187,2.953999773456772,-4.406904382612083
receptor,3640,26.125,70.029,70.739,0.9646902415341028,-0.9646902415341028,7.72020442106804,1.4468504261722757,-7.473181782680314
receptor,3660,24.664,72.529,70.739,1.1595871596428198,-1.1595871596428198,7.037372081554828,3.7428946917770247,-5.8463930052115245
receptor,3680,16.11,79.529,70.739,0.8977096815676164,-0.8977096815676164,0.8697441316367929,10.989489952345892,-0.22339215149554548
receptor,3700,9.2864,67.529,71.239,1.0906729946167966,-1.0906729946167966,-8.995503372888159,2.225794018919281,-4.308247377927174
receptor,3720,7.287,69.609,71.239,1.1000965918564494,-1.1000965918564494,-10.311025304849714,4.279706098124315,-2.767193330392246
receptor,3740,24.945,72.529,71.239,1.2564536615728827,-1.2564536615728827,7.355584748112598,3.4138621902215505,-5.500793074999791
receptor,3760,15.787,79.411,71.239,0.9857873538720744,-0.9857873538720744,0.5785144293089886,10.675372258619028,0.20645472236742535
receptor,3780,9.9359,66.029,71.739,0.9878858526473152,-0.9878858526473152,-8.752068773624146,0.6122203666997521,-4.81713824515127
receptor,3800,26.991,68.529,71.739,1.0009521052739383,-1.0009521052739383,8.220350413755376,-0.4839391386220768,-7.621038613702865
receptor,3820,25.84,70.529,71.739,0.9740227022894414,-0.9740227022894414,7.6910569865136935,1.3496352617089187,-6.323866926404079
receptor,3840,9.787,72.529,71.972,0.7315195371212795,-0.7315195371212795,-7.023985275496088,5.783960269034914,-1.2684350994807545
receptor,3860,19.028,79.029,71.739,1.27230104497939,-1.27230104497939,3.610585971334878,9.494121889318919,-0.35139358054746594
receptor,3880,25.287,63.848,72.239,0.8516545329412885,-0.8516545329412885,5.315990468656665,-4.247261495644814,-9.19185850994782
receptor,3900,10.287,65.616,72.239,0.9695587689730286,-0.9695587689730286,-8.484347333779404,-0.06474382672156054,-4.699303948476285
receptor,3920,26.501,69.029,72.239,1.1540337398280236,-1.1540337398280236,7.945456929049733,-0.266045224204845,-6.835509610975194
receptor,3940,9.787,71.029,72.469,0.9200627504361378,-0.9200627504361378,-7.4001558553990705,4.2910422346761194,-1.6243851486474057
receptor,3960,9.787,72.029,72.272,0.7963476791620995,-0.7963476791620995,-7.135867745028541,5.21175182509365,-1.276168772194552
receptor,3980,25.94,73.029,72.239,1.2768592822972529,-1.2768592822972529,8.546927695140901,3.082147275444356,-4.657767453870605
receptor,4000,14.932,79.029,72.239,1.212270421818461,-1.212270421818461,-0.24470636225368736,9.966968612078794,1.0415719607881329
receptor,4020,16.787,80.529,71.789,0.8936448722356946,-0.8936448722356946,1.90494779025628,11.093955278457472,0.992448866409859
receptor,4040,10.787,65.463,72.739,1.098492787353511,-1.098492787353511,-8.000783263215254,-0.5580349187726625,-4.484272117896566
receptor,4060,8.9728,68.029,72.739,1.0469052892776542,-1.0469052892776542,-9.001644251930053,1.8562659800076133,-2.739248882688031
receptor,4080,7.787,70.507,72.739,1.0356351563851829,-1.0356351563851829,-9.428321297891785,4.084043013187127,-1.1895515480812975
receptor,4100,10.559,71.029,72.739,0.973205600942669,-0.973205600942669,-6.6368980747700235,3.999731234516105,-1.5861822496083136
receptor,4120,8.287,72.029,72.845,0.6594483443448133,-0.6594483443448133,-8.508512597898296,5.168481079924597,-0.44412144751723304
receptor,4140,11.374,74.029,72.739,0.8625279465676582,-0.8625279465676582,-5.007497352513539,6.284482588588688,-0.24857635235248665
receptor,4160,13.809,78.529,72.739,1.4030975136576522,-1.4030975136576522,-1.4072676850124353,9.489476067154179,1.467695229768907
receptor,4180,15.787,80.529,72.341,0.9498845526104134,-0.9498845526104134,1.006945363418268,10.97074027240835,1.6875126790755246
receptor,4200,24.287,63.848,73.239,0.8520517899969846,-0.8520517899969846,4.463036132997097,-4.619163522200914,-8.126890067259012
receptor,4220,10.287,65.652,73.239,1.099016109989252,-1.099016109989252,-8.373566059482222,-0.5906400423067311,-3.855232458791747
receptor,4240,26.939,68.529,73.239,1.311114094148877,-1.311114094148877,8.321598654431412,-1.3070700209987578,-6.370075646929749
receptor,4260,11.287,70.529,73.47,1.0665985797596624,-1.0665985797596624,-6.011287962773075,3.054900821337192,-1.4122498544102768
receptor,4280,26.787,72.73,73.239,1.1080591439914576,-1.1080591439914576,9.370157775773919,2.12927461701981,-4.187516530248018
receptor,4300,23.787,74.578,73.239,1.0439423008177728,-1.0439423008177728,7.034645076998167,4.178265439869982,-2.525553521714741
receptor,4320,14.16,79.029,73.239,1.4727089676769554,-1.4727089676769554,-0.8802608486938439,9.553296317498045,2.0519826334663662
receptor,4340,18.587,81.029,73.239,0.9520098703428468,-0.9520098703428468,3.9091139650551554,10.364964774664529,2.014403263225944
receptor,4360,26.287,64.605,73.739,0.9078117479231428,-0.9078117479231428,6.635390825151241,-4.648926947420819,-7.805894381937435
receptor,4380,9.287,66.99,73.739,0.8848574747202157,-0.8848574747202157,-8.8966752236175,0.4006019462991546,-2.5195528106641234
receptor,4400,10.616,69.029,73.739,1.0119412311660825,-1.0119412311660825,-7.0501887455853804,1.8114758830426752,-1.7958923785121783
receptor,4420,12.287,70.529,74.002,1.0719628869517814,-1.0719628869517814,-5.004285243887217,2.576382054552475,-1.2122765712164636
receptor,4440,11.787,72.529,73.931,1.0329561028693637,-1.0329561028693637,-4.919984209142427,4.3301037994080005,-0.1295049530245933
receptor,4460,11.287,74.529,73.689,1.0150859711106277,-1.0150859711106277,-4.8528778699144155,6.178748491823114,0.8120753889754155
receptor,4480,10.787,77.314,73.739,1.0165632931071886,-1.0165632931071886,-4.5333935232321565,8.502215359425037,2.3957914201442208
receptor,4500,14.287,79.529,73.904,1.2699275859293326,-1.2699275859293326,-0.5502484562851606,9.566561706326162,2.8261078496400387
receptor,4520,16.787,81.761,73.739,0.8594047250789202,-0.8594047250789202,2.451035406784875,11.011088635339078,3.231923232088647
receptor,4540,11.787,65.529,74.393,0.9747309687988585,-0.9747309687988585,-6.862208793366996,-1.6058320884145019,-3.3241681277731487
receptor,4560,10.287,67.529,74.467,1.1741880862626624,-1.1741880862626624,-7.716835571865644,0.2506023676828306,-1.8823844478517628
receptor,4580,26.197,69.029,74.239,1.431797189734306,-1.431797189734306,7.85669801332763,-1.320561446482877,-5.111405962167424
receptor,4600,25.431,71.029,74.239,1.411218888545304,-1.411218888545304,7.694505208671359,0.4424798258240372,-3.906360333877714
receptor,4620,12.287,73.029,74.388,0.8598238400426101,-0.8598238400426101,-4.255228476665664,4.3904963263209,0.38362423035164284
receptor,4640,11.287,74.432,74.239,0.8937573320774738,-0.8937573320774738,-4.825130722482378,5.7947394360973234,1.2166444695166518
receptor,4660,19.634,76.529,74.239,0.941638534047446,-0.941638534047446,3.7295533136550176,5.966953737584632,0.29060922384877586
receptor,4680,14.287,79.332,74.239,1.2624804534102156,-1.2624804534102156,-0.5725300908713749,9.220764824846533,3.002068201762711
receptor,4700,16.287,81.463,74.239,0.934004644696376,-0.934004644696376,1.9398972721523506,10.583354155692241,3.6121666044774656
receptor,4720,25.787,64.218,74.739,0.9508034754450616,-0.9508034754450616,6.149244926835443,-5.426424403657101,-7.058278925237374
receptor,4740,12.787,66.029,74.888,0.8263343046176688,-0.8263343046176688,-5.71687796213633,-1.658135014814519,-2.899307337722476
receptor,4760,10.712,67.529,74.739,1.189857625661893,-1.189857625661893,-7.28424399806886,0.02175257429648525,-1.7594970915165788
receptor,4780,25.787,68.928,74.739,1.4217124536433825,-1.4217124536433825,7.487342757845234,-1.604947468767783,-4.652056111207941
receptor,4800,13.287,70.714,74.739,0.7984623821739024,-0.7984623821739024,-3.92411101838956,2.134167245775558,-0.7485269561557857
receptor,4820,12.787,72.461,74.739,0.9037397823915164,-0.9037397823915164,-3.9045472582442997,3.6432039984811055,0.26361648144231253
receptor,4840,22.787,74.029,75.154,0.9096905970347016,-0.9096905970347016,6.117728080403786,2.853009079346542,-0.9855584567069116
receptor,4860,23.287,74.529,74.78,1.0385413654933386,-1.0385413654933386,6.698923625895532,3.374693825101623,-1.158569334824449
receptor,4880,10.787,77.029,74.996,1.1112028941444687,-1.1112028941444687,-4.487965131267906,7.573212563631699,3.28807168251231
receptor,4900,19.008,78.529,74.739,0.9660792921556404,-0.9660792921556404,3.7511285319602834,7.426794121456581,1.8749944559093592
receptor,4920,15.287,80.529,75.028,1.1701734770714691,-1.1701734770714691,0.8003793014082632,9.570774719289311,4.025759011715849
receptor,4940,24.175,63.529,75.239,0.853176802127229,-0.853176802127229,4.4667237664248916,-5.967676605588601,-6.611699034652247
receptor,4960,12.787,67.029,75.272,0.778855033889249,-0.778855033889249,-5.3941681085187625,-1.0599414041169766,-2.0713708942083997
receptor,4980,12.523,68.529,75.239,0.9006755652712845,-0.9006755652712845,-5.223066718239529,0.2237735039332449,-1.2691331806258574
receptor,5000,13.726,71.029,75.239,0.9605411758104648,-0.9605411758104648,-3.365753451083826,2.0317651641973242,-0.27980887380684294
receptor,5020,24.787,72.591,75.239,1.1109648033674584,-1.1109648033674584,7.6247595930937635,1.272692369863087,-2.128591316027567
receptor,5040,12.287,73.972,75.239,0.8097887997032079,-0.8097887997032079,-3.9017535507756165,4.683208749240791,1.5680333295379683
receptor,5060,10.619,75.529,75.239,0.6002051855554317,-0.6002051855554317,-5.0498657325914,6.252069280449753,2.762599381115251
receptor,5080,11.787,77.717,75.239,1.081623565961124,-1.081623565961124,-3.314563576966343,7.813330622096835,3.600905680603333
receptor,5100,19.167,78.029,75.239,0.8701642048972581,-0.8701642048972581,3.810964607005431,6.714435420358271,1.9943499128131918
receptor,5120,16.787,79.529,75.429,1.4334673265628006,-1.4334673265628006,1.9868663270451066,8.262019322849042,3.487048653281988
receptor,5140,17.903,61.029,75.739,0.6173914545771426,-0.6173914545771426,-2.1736452259443197,-7.124565092268291,-5.975230123730924
receptor,5160,26.114,64.529,75.739,1.0003023126132389,-1.0003023126132389,6.649950084412488,-5.789105650983231,-6.151964047276238
receptor,5180,27.287,67.221,75.739,1.2494717937584296,-1.2494717937584296,8.53320477142477,-3.8198379513352307,-5.057373022751847
receptor,5200,24.934,69.529,75.739,1.3772906459759588,-1.3772906459759588,6.945296534071218,-1.516156623716462,-3.3152269982965663
receptor,5220,13.787,72.029,76.102,0.9624287723489422,-0.9624287723489422,-2.936714344517,2.352888122010846,0.9290316826775324
receptor,5240,21.287,74.518,75.739,0.9374417952507532,-0.9374417952507532,4.885213405607097,3.199829138640361,0.1062150650833189
receptor,5260,18.787,75.029,76.176,1.071683078809459,-1.071683078809459,2.6905587999948537,3.8298574475349767,1.3263156724335374
receptor,5280,18.759,76.529,75.739,1.0877385272321192,-1.0877385272321192,3.0460643792978246,5.29459886654255,1.73850659728285
receptor,5300,12.787,77.529,75.863,1.1215029201237807,-1.1215029201237807,-2.3517201851436838,7.131207663485171,3.7807969593199857
receptor,5320,18.787,78.368,75.739,0.9013545513940632,-0.9013545513940632,3.5952173646172483,6.781549032330645,2.6713062559328193
receptor,5340,17.839,62.029,76.239,1.459399907635674,-1.459399907635674,-1.9002956535114564,-6.579038669007751,-5.036200341042786
receptor,5360,13.287,64.029,76.146,1.2451657130800595,-1.2451657130800595,-5.681821666013235,-4.0707663430222425,-3.00199682234863
receptor,5380,14.715,66.029,76.239,0.962716491187246,-0.962716491187246,-3.742666174917453,-2.761297059941093,-2.2451618482492393
receptor,5400,13.576,69.029,76.239,0.789158738238045,-0.789158738238045,-3.976420300795752,-0.11856718078004747,-0.43998629046427595
receptor,5420,14.095,71.529,76.239,0.7459591648443257,-0.7459591648443257,-2.7713065812982833,1.8147352835579866,0.7130113263864644
receptor,5440,12.824,73.529,76.239,0.8756546346439885,-0.8756546346439885,-3.415020981813349,3.6702940354809144,2.0388976294802603
receptor,5460,19.287,74.712,76.239,0.9290394048487848,-0.9290394048487848,3.083588929443124,3.446085179575249,1.096741798286402
receptor,5480,18.287,75.328,76.239,1.0740778803071187,-1.0740778803071187,2.3050846965178735,4.129082120525311,1.650729467797504
receptor,5500,11.787,76.029,76.381,1.172637861500468,-1.172637861500468,-3.679287246384135,5.809835354972805,3.6814746546442905
receptor,5520,12.287,76.529,76.391,1.0226443281247233,-1.0226443281247233,-3.0594790513108663,6.118359797436199,3.825524887975149
receptor,5540,14.846,77.029,76.239,1.227466961856212,-1.227466961856212,-0.4926873680308219,6.139596410119367,3.343120015563869
receptor,5560,18.529,78.029,76.239,0.9690008584015608,-0.9690008584015608,3.303180207387207,6.276213933166531,2.972695931186962
receptor,5580,10.287,62.529,76.374,1.191525430177213,-1.191525430177213,-8.94556554321263,-4.864752354287475,-2.8621893906488367
receptor,5600,8.287,63.529,76.592,1.3813880977727278,-1.3813880977727278,-10.546563837459985,-3.8080054609474345,-1.6927388935206977
receptor,5620,8.787,64.155,76.739,1.2488155221047768,-1.2488155221047768,-9.877183527509757,-3.473299804360366,-1.3712002114005486
receptor,5640,24.787,65.529,77.143,1.120536745618374,-1.120536745618374,5.809919525699584,-5.51400880788357,-4.1642982334772825
receptor,5660,27.287,66.529,76.807,1.1732831257274674,-1.1732831257274674,8.444000937880432,-4.974146953345816,-4.5290725363254865
receptor,5680,13.8,69.529,76.739,1.120342841336968,-1.120342841336968,-3.5705089945248147,-0.0314801583347446,0.1746907482829414
receptor,5700,14.643,71.529,76.739,1.1116684813269797,-1.1116684813269797,-2.1985072492072675,1.4367875997104846,0.9947212364542253
receptor,5720,22.169,72.529,76.739,1.067762278162174,-1.067762278162174,5.261691995290583,0.8693562630263401,-0.2952884187586875
receptor,5740,16.787,74.022,76.739,1.101262370930165,-1.101262370930165,0.5540684696055607,3.0667058255099917,1.7552989704227286
receptor,5760,18.787,74.238,76.739,0.8932140786865461,-0.8932140786865461,2.522449686900252,2.8755524110662947,1.3870711122316663
receptor,5780,17.787,74.529,76.751,1.083660144055958,-1.083660144055958,1.6528205079627085,3.2881980704919798,1.7849324585541666
receptor,5800,8.2657,62.029,77.239,1.0991136979610028,-1.0991136979610028,-10.927961073876205,-5.380287016371966,-1.9197401017242015
receptor,5820,11.787,63.529,76.799,1.027295359598438,-1.027295359598438,-7.188470818904854,-4.56412244170501,-2.359332765485732
receptor,5840,8.787,64.529,77.165,1.2769431310723165,-1.2769431310723165,-9.72809526507077,-3.4063281519926107,-0.8283931666949229
receptor,5860,24.787,66.529,77.472,1.231814868324949,-1.231814868324949,6.1270989216948095,-4.88528442457914,-3.381774188738362
receptor,5880,25.787,68.144,77.239,1.2205852086411668,-1.2205852086411668,7.51599498726069,-3.628811328557312,-2.9883824272219925
receptor,5900,20.287,70.029,77.409,1.281415576202933,-1.281415576202933,2.8243177502474666,-1.1861609286609323,-0.5689302727915901
receptor,5920,24.406,70.529,77.239,1.0625785487390893,-1.0625785487390893,6.876772118132244,-1.4407289974559419,-1.4394873901374439
receptor,5940,20.787,71.529,77.553,1.1304265355100145,-1.1304265355100145,3.741697355200337,-0.14066663637779442,0.19663640962079398
receptor,5960,16.287,73.052,77.239,0.9189621737810704,-0.9189621737810704,-0.1479829861391906,2.093741515662387,1.7922341196633909
receptor,5980,18.287,73.936,77.239,1.056721323763443,-1.056721323763443,2.010175163451578,2.444572515763504,1.7652709832922255
receptor,6000,16.893,61.529,77.739,1.3174393866811087,-1.3174393866811087,-2.7935322657400903,-7.644063089019234,-3.8267511526295124
receptor,6020,10.787,64.029,77.387,1.120461419348313,-1.120461419348313,-7.940804707826572,-4.301644269193112,-1.3791068075889257
receptor,6040,14.198,65.529,77.739,1.087855928184159,-1.087855928184159,-4.2268478076937726,-3.9049155368936894,-1.1383674113032214
receptor,6060,14.287,68.029,78.007,1.1161406105370704,-1.1161406105370704,-3.404794164072122,-2.0416039410236024,0.33880647951140475
receptor,6080,20.473,69.529,77.739,1.2501049995265494,-1.2501049995265494,2.892804402537294,-1.8090982662643356,-0.5964012006557908
receptor,6100,15.431,70.529,77.739,0.9639000523475596,-0.9639000523475596,-1.6306862871296062,-0.07403517955449246,1.1209665717312873
receptor,6120,18.787,71.029,78.061,0.9553504901214784,-0.9553504901214784,1.7437138496349647,-0.46193105140335433,0.8392211021921128
receptor,6140,17.287,73.331,77.739,1.0082386675157724,-1.0082386675157724,0.9350651318742678,1.8593538494883006,2.108319861216188
receptor,6160,8.287,61.277,78.239,1.2114251076874802,-1.2114251076874802,-11.020738673603404,-6.54943233858824,-1.4833352180110637
receptor,6180,10.287,64.368,78.239,0.9426197365296044,-0.9426197365296044,-8.235577994705068,-4.407943250312869,-0.38279649651323666
receptor,6200,13.811,65.029,78.239,1.264485163180149,-1.264485163180149,-4.687627161042478,-4.517245438248764,-0.8883604525319981
receptor,6220,14.787,68.029,78.338,1.2498596643296347,-1.2498596643296347,-2.8947568092573164,-2.31694514658772,0.49246231966077403
receptor,6240,20.287,69.029,78.449,1.149051493041202,-1.149051493041202,2.6447964721613815,-2.5748239973985108,-0.22109842801791046
receptor,6260,15.955,70.029,78.239,0.8914859294255625,-0.8914859294255625,-1.2228197517112775,-0.853262950078232,1.1529817389252202
receptor,6280,17.287,70.529,78.474,0.856501456482217,-0.856501456482217,0.21293179075488666,-0.8220619605288135,1.2837219643997742
receptor,6300,17.051,72.529,78.239,0.9499024620640814,-0.9499024620640814,0.532468147608995,0.9743314236886462,2.1679099114948173
receptor,6320,9.787,60.083,78.739,1.2386957973271246,-1.2386957973271246,-9.879411681829318,-8.07054578503481,-2.0394130730703637
receptor,6340,7.787,62.217,78.739,1.0796956200240622,-1.0796956200240622,-11.180164469639301,-5.972710672716403,-0.4706281845248981
receptor,6360,9.287,64.503,78.739,1.3681597212125536,-1.3681597212125536,-9.100456095295712,-4.392760020236025,0.3383001271393482
receptor,6380,23.287,66.029,78.838,1.328189449434894,-1.328189449434894,4.692144610343888,-5.7744303572384155,-2.1504003077538414
receptor,6400,15.787,68.029,78.778,1.211017828039629,-1.211017828039629,-1.8970050376670358,-2.7443942573754825,0.6164730449034437
receptor,6420,21.287,69.037,78.739,1.1912802103772302,-1.1912802103772302,3.629737955141181,-2.912516533401025,-0.21685269677826113
receptor,6440,23.287,69.529,79.112,0.8534572305743381,-0.8534572305743381,5.714036558806875,-3.086790416354006,-0.13610033162582624
receptor,6460,17.787,72.029,78.754,0.8146466379547563,-0.8146466379547563,1.1439867091012133,0.1479380576718441,2.1615811237834635
receptor,6480,9.787,60.529,79.339,1.217691340669424,-1.217691340669424,-9.692372063858109,-8.041744913288873,-1.3161546883309398
receptor,6500,16.287,62.029,79.73,1.0378243574259336,-1.0378243574259336,-3.0291070128233955,-8.232579124854581,-1.7823758411709463
receptor,6520,9.287,64.353,79.239,1.4114194617487406,-1.4114194617487406,-9.092793788425176,-4.792015585578817,0.6745088161946029
receptor,6540,14.287,65.029,79.368,1.3727675119192335,-1.3727675119192335,-4.120232088470743,-5.231163528772562,-0.07006906699493243
receptor,6560,15.787,67.529,79.273,1.1506863574065604,-1.1506863574065604,-1.9892795210838727,-3.424848167832053,0.769746967847027
receptor,6580,22.287,68.854,79.239,1.011731732521164,-1.011731732521164,4.581533164889976,-3.52174970783814,-0.13679135863981173
receptor,6600,23.287,69.159,79.239,0.9129264376953936,-0.9129264376953936,5.6216909227324265,-3.457489694004096,-0.22026284731839496
receptor,6620,13.287,58.602,79.739,0.6587020812293221,-0.6587020812293221,-6.862327478914736,-10.46847614290607,-2.807849089484648
receptor,6640,10.287,61.029,79.947,1.3126684347767934,-1.3126684347767934,-9.012432711363608,-8.065173234805783,-0.678347828317456
receptor,6660,15.787,62.529,79.886,1.375489152355202,-1.375489152355202,-3.348126077218602,-7.821897076105877,-1.2784878661328776
receptor,6680,18.787,63.029,79.739,1.4324723095941772,-1.4324723095941772,-0.36033454828415046,-7.88422848030546,-1.8622905517022446
receptor,6700,10.787,64.029,79.954,1.0017026169896257,-1.0017026169896257,-7.682683167525077,-5.726598692499834,0.7404136952444276
receptor,6720,15.098,64.529,79.739,1.355948496986459,-1.355948496986459,-3.4516801622757356,-5.991362000799931,-0.21324240637132164
receptor,6740,15.287,66.529,79.793,1.3352089915617786,-1.3352089915617786,-2.6978428174506632,-4.433255194229126,0.8078694566803222
receptor,6760,21.287,68.455,79.739,0.9709965115947262,-0.9709965115947262,3.564947157344079,-3.939829467831558,0.31149783768969996
receptor,6780,14.626,58.529,80.239,0.7451884878232622,-0.7451884878232622,-5.556042327224681,-11.050566180051533,-2.752710254439961
receptor,6800,14.787,60.029,80.662,1.0278521313617133,-1.0278521313617133,-4.933847468557516,-10.097840377381587,-1.6756600686198908
receptor,6820,10.287,61.237,80.239,1.3199398172792387,-1.3199398172792387,-8.92397879063816,-8.058502267990754,-0.3309872057505743
receptor,6840,14.287,62.529,80.605,1.352616076706904,-1.352616076706904,-4.706090078945387,-7.9462131449222895,-0.3258912647069394
receptor,6860,9.287,63.552,80.239,1.230258653909103,-1.230258653909103,-9.219801873906164,-5.997015027172985,1.090977652940154
receptor,6880,17.287,63.091,80.239,1.1989149468279916,-1.1989149468279916,-1.722705800075154,-7.836672620983492,-1.0588435948111368
receptor,6900,16.018,65.529,80.239,1.4818706369841264,-1.4818706369841264,-2.240078609001202,-5.626107260593152,0.4903275267975289
receptor,6920,21.306,68.029,80.239,1.0474878996093624,-1.0474878996093624,3.5123152900022845,-4.566499569104089,0.5021584542605808
receptor,6940,13.787,59.529,81.057,0.8912568190934101,-0.8912568190934101,-5.989685440080997,-10.5395808622566,-1.3656656784907
receptor,6960,8.5128,61.529,80.739,1.2015871974622694,-1.2015871974622694,-10.482459609430528,-7.7741007650637215,0.655573974607293
receptor,6980,10.428,62.029,80.739,1.3745313593526176,-1.3745313593526176,-8.514252273969447,-7.7192940594761765,0.45272637255138193
receptor,7000,10.787,62.507,80.739,1.2144176040423196,-1.2144176040423196,-8.036144398730706,-7.3972367404351616,0.6110202223586327
receptor,7020,11.787,63.029,80.981,0.8961485869836925,-0.8961485869836925,-6.910003534074079,-7.29124832673574,0.8382232353490053
receptor,7040,16.722,64.029,80.739,1.2066544580914107,-1.2066544580914107,-1.9446778177088646,-7.249665472494023,-0.031604561766798156
receptor,7060,21.102,67.529,80.739,1.2137648960577054,-1.2137648960577054,3.2260279208954685,-5.212355606636841,0.7083756239443773
receptor,7080,13.787,60.029,81.285,0.970735346850844,-0.970735346850844,-5.824710577373942,-10.260467835341416,-0.9219729775353755
receptor,7100,19.787,64.029,81.664,1.3875139703444077,-1.3875139703444077,1.0708367831457295,-8.32465453748982,-0.0012697274645745438
receptor,7120,20.787,66.529,81.386,1.560217933227008,-1.560217933227008,2.706633954410684,-6.3251535045455185,0.8070911039320663
receptor,7140,18.787,69.375,81.239,0.9372247519481004,-0.9372247519481004,1.5933769709564487,-3.568033976862921,2.618244272181954
receptor,7160,19.787,64.42,81.739,1.480514737694587,-1.480514737694587,1.1894603230452176,-8.049048028856681,0.26040852570288564
receptor,7180,20.71,67.029,81.739,1.451654214695406,-1.451654214695406,2.81075791446964,-6.101321971586636,1.3724190139054713
receptor,7200,18.832,64.529,82.239,1.2294463669881717,-1.2294463669881717,0.3601035601271576,-8.063204132390545,0.9574544097986148
receptor,7220,17.288,66.529,82.239,1.2978337011915535,-1.2978337011915535,-0.5439185545848346,-6.157630980595997,2.3486664638261345
receptor,7240,17.662,69.029,82.239,1.0974451667385967,-1.0974451667385967,0.5229364888739667,-4.197764091417724,3.5363609080958582
receptor,7260,20.287,66.529,82.888,1.5739808315594097,-1.5739808315594097,2.3809116690826855,-7.067319684225346,2.1669066629621057
receptor,7280,18.787,69.468,82.739,0.8554907063295599,-0.8554907063295599,1.7706286733596244,-4.325235497595102,3.904275644659336
receptor,7300,17.787,67.029,83.602,1.3902008553871168,-1.3902008553871168,0.21098538988773186,-6.599980341332014,3.6101009954908534
receptor,7320,18.287,69.029,83.365,0.9537096960662512,-0.9537096960662512,1.2321026086019558,-4.937314103632026,4.316521272420886
receptor,7340,17.787,67.468,83.739,1.3090085521127608,-1.3090085521127608,0.34947992962796803,-6.31984535212969,3.9474934232167413
receptor,7360,19.672,68.529,83.739,0.7856065805428292,-0.7856065805428292,2.4482698516127996,-5.804336372310225,4.038473394091426
receptor,7380,12.69,73.539,66.739,0.863430593120647,-0.863430593120647,-4.4952109586378555,8.976453853875284,-5.767888751331284
receptor,7400,12.19,74.502,67.222,2.0472208220400807,-2.0472208220400807,-4.649811933155114,9.581273444029186,-4.757468144829048
receptor,7420,8.0804,68.85,68.239,0.7727760998613121,-0.7727760998613121,-10.071803072609619,5.183850142264248,-5.8218391087188195
receptor,7440,9.787,66.195,68.581,0.501249742575827,-0.501249742575827,-9.164434816722263,2.5272054852805397,-7.304200257267922
receptor,7460,24.446,72.029,68.357,0.3910447551644549,-0.3910447551644549,6.447939619488118,4.699415979864028,-8.016435492836678
receptor,7480,26.236,67.624,68.743,0.5082548510682393,-0.5082548510682393,6.942084710835253,0.583198230957251,-10.376455211458179
receptor,7500,7.015,70.301,68.954,0.9249357196733,-0.9249357196733,-10.60354962150815,6.159409029123452,-4.235259887247494
receptor,7520,26.953,67.159,69.739,0.6881827035405647,-0.6881827035405647,7.5937963861189814,-0.47832237647230613,-9.963204812424792
receptor,7540,24.865,71.239,69.449,0.8384333496836593,-0.8384333496836593,6.732827448893296,3.375509747684987,-7.6186463363048915
receptor,7560,6.6144,69.981,69.787,0.9118934110296782,-0.9118934110296782,-10.992674781375712,5.510764441622754,-3.6150896129968544
receptor,7580,10.105,66.529,70.636,0.8998041462351235,-0.8998041462351235,-8.559692763873663,1.5991984752498922,-5.512889273979312
receptor,7600,8.787,68.258,70.446,1.199716096861367,-1.199716096861367,-9.344317605122086,3.3489607959214354,-4.471082823790994
receptor,7620,14.898,78.572,70.739,0.9726887174282348,-0.9726887174282348,-0.5577887226867801,10.435066207736611,-0.42228222475256416
receptor,7640,8.4221,68.545,71.106,1.2384209120895513,-1.2384209120895513,-9.544351325657608,3.2823008470861907,-3.692196457322808
receptor,7660,23.544,73.78,70.996,1.2358094436322065,-1.2358094436322065,6.350690920081739,4.820423745884561,-4.727085129767019
receptor,7680,9.1262,67.375,71.739,1.0018082939059203,-1.0018082939059203,-9.141729454153719,1.852642147295768,-3.9357481781138404
receptor,7700,6.4873,71.529,71.5,1.0337160683283355,-1.0337160683283355,-10.501834573894037,5.839130602407252,-1.379451233211114
receptor,7720,9.0158,72.922,71.373,0.6766350847879233,-0.6766350847879233,-7.707912240409655,6.576616325733539,-1.3777041364632225
receptor,7740,23.282,73.97,71.524,1.093514396964426,-1.093514396964426,6.2079426570429845,4.729484740158796,-4.131366210613834
receptor,7760,16.437,80.126,71.589,0.8987107501864879,-0.8987107501864879,1.4366180233253658,10.942121667894021,0.7051810747768599
receptor,7780,9.0661,67.427,71.841,0.9987321444242664,-0.9987321444242664,-9.174005751946503,1.8492223413503126,-3.8105820663739394
receptor,7800,7.287,70.065,71.864,1.084945171101504,-1.084945171101504,-10.118630870464344,4.302742885097921,-2.018184192888924
receptor,7820,10.373,72.72,72.033,0.8096918168234682,-0.8096918168234682,-6.404833176434828,5.797710547320484,-1.2607144728804087
receptor,7840,15.386,79.529,72.098,0.9786674399688968,-0.9786674399688968,0.3160568397137169,10.367741237748895,1.0719517868698176
receptor,7860,24.52,63.856,72.689,0.8676773411127786,-0.8676773411127786,4.632171724178313,-4.35005124749447,-8.632681264689452
receptor,7880,26.908,68.481,72.287,1.060853653168448,-1.060853653168448,8.182676043454535,-0.8118757994650068,-7.173227059254316
receptor,7900,9.287,70.422,72.677,0.95027160258162,-0.95027160258162,-8.028441728364683,3.7746900429013124,-1.6431008073640925
receptor,7920,11.054,73.499,72.269,0.9299552142630728,-0.9299552142630728,-5.510451740275698,6.173989281302582,-0.8308375590937374
receptor,7940,13.838,78.529,72.659,1.4077201917882105,-1.4077201917882105,-1.3876602518008525,9.52857157870524,1.3947014660666923
receptor,7960,12.034,64.797,72.971,1.010934752961898,-1.010934752961898,-6.977638911381938,-1.4556350290209394,-4.931350050022331
receptor,7980,9.6457,70.43,72.741,0.9153136382032458,-0.9153136382032458,-7.677710149859145,3.6799392660311057,-1.6720030585134964
receptor,8000,23.815,74.326,72.838,1.0277365801635594,-1.0277365801635594,6.9494287449225,4.191271659058579,-2.992091853483956
receptor,8020,15.63,81.044,72.895,0.950740501570326,-0.950740501570326,1.0592614414541828,11.109822252217455,2.44560847175039
receptor,8040,26.287,64.54,73.426,0.8884749256609713,-0.8884749256609713,6.585451175328949,-4.52791710044913,-8.097539111551256
receptor,8060,9.8592,68.584,73.691,0.8900206943969828,-0.8900206943969828,-7.903053520689852,1.6157164066019831,-1.8817710299317696
receptor,8080,11.994,70.536,73.739,1.0517942933880469,-1.0517942933880469,-5.3081200826804675,2.7817325939772246,-1.3557427578021475
receptor,8100,13.055,77.988,73.739,1.288350274152677,-1.288350274152677,-2.179355612845086,8.633563652366462,2.197415155430349
receptor,8120,27.287,65.952,73.907,1.0161304279788954,-1.0161304279788954,7.9884709037911605,-3.8324937879001126,-7.2183195383449
receptor,8140,11.025,68.767,74.091,0.8266985464867728,-0.8266985464867728,-6.699242467019673,1.3285742145509758,-1.736971345520459
receptor,8160,12.35,70.139,74.239,1.0318307605003314,-1.0318307605003314,-5.031180897829152,2.116852368823068,-1.2309069692924197
receptor,8180,11.787,73.603,74.112,0.9165693443208108,-0.9165693443208108,-4.5966635787414205,5.101023905907965,0.5686232295831246
receptor,8200,21.222,75.329,74.222,1.0867935818390015,-1.0867935818390015,4.901098134288567,4.711839572324756,-0.7164678166057854
receptor,8220,25.645,64.165,74.678,0.9355548230568466,-0.9355548230568466,5.992655843042648,-5.409549942702263,-7.101742834454285
receptor,8240,10.735,68.31,74.242,0.978185526705866,-0.978185526705866,-7.090408621323732,0.9270934771085635,-1.7763700407992076
receptor,8260,25.262,70.558,74.268,1.5120451802460249,-1.5120451802460249,7.402468614350653,0.07519538375556323,-4.08259814534847
receptor,8280,12.101,73.529,74.342,0.9007138274436627,-0.9007138274436627,-4.29515785686916,4.855783856281477,0.6455882718911994
receptor,8300,20.287,75.374,74.423,1.1315848615287645,-1.1315848615287645,4.0425637338138145,4.808069141687078,-0.3037820364027368
receptor,8320,19.009,78.598,74.67,0.9789243476162104,-0.9789243476162104,3.7647465366777126,7.5208965805896355,1.8530336468935502
receptor,8340,13.584,66.029,74.859,0.788922045578604,-0.788922045578604,-4.959848057452611,-1.7880497062326839,-3.113964963648698
receptor,8360,27.383,67.167,75.154,1.3178913341519016,-1.3178913341519016,8.550576342678667,-3.556502144418239,-5.5909547702915745
receptor,8380,13.342,69.499,75.239,0.967859086573821,-0.967859086573821,-4.166569287733779,0.8607436008879361,-0.9695613613232581
receptor,8400,24.32,73.459,75.164,1.075320964421573,-1.075320964421573,7.418526145420124,2.104136207220975,-1.6353298129886156
receptor,8420,20.287,75.127,74.783,1.0512875431663389,-1.0512875431663389,4.00859108339958,4.4078269405957755,-0.1327234514400999
receptor,8440,18.696,78.952,74.903,1.1785923577288882,-1.1785923577288882,3.590297937848881,7.7361189283488585,2.3011642387880045
receptor,8460,27.095,65.0,75.297,0.9499306905449636,-0.9499306905449636,7.6747065554945735,-5.341323640990211,-6.511034300154449
receptor,8480,27.068,67.529,75.437,1.400399181809481,-1.400399181809481,8.3815211940085,-3.3621778073116744,-5.096974599924181
receptor,8500,13.467,70.017,75.251,1.002013268611624,-1.002013268611624,-3.8990117769172485,1.2514633026149085,-0.7249308377002706
receptor,8520,23.287,72.152,75.683,1.195938285291566,-1.195938285291566,6.114424630683402,0.9448457958398251,-1.6273309792542534
receptor,8540,22.454,73.862,75.343,0.9618818694619776,-0.9618818694619776,5.771770309962065,2.673604714601531,-0.8351380625396416
receptor,8560,18.787,75.95,75.604,1.084993003642931,-1.084993003642931,2.894695565639573,4.8946344374306605,1.3245429060043818
receptor,8580,15.287,78.405,75.271,1.2776241168580609,-1.2776241168580609,0.2213914073490102,7.712568501549406,3.1413000409967253
receptor,8600,17.806,79.171,75.654,1.211902515821417,-1.211902515821417,2.87940889207745,7.65997222082953,3.2460983335989226
receptor,8620,25.986,64.747,76.239,1.1891797324208486,-1.1891797324208486,6.64011112421003,-5.866333000946582,-5.597124312506125
receptor,8640,25.664,68.529,75.88,1.226948543565697,-1.226948543565697,7.3714383330497455,-2.539518475421481,-3.8843620329221267
receptor,8660,22.555,73.187,75.763,1.0061205109342637,-1.0061205109342637,5.718541601889285,1.874293245010307,-0.8573614559981451
receptor,8680,15.535,76.529,76.125,1.268302302377124,-1.268302302377124,0.010767987817928315,5.670974599440854,2.8286850797132956
receptor,8700,16.287,77.277,75.859,1.156239039980938,-1.156239039980938,0.9135634914795077,6.287756642221453,2.8112440283733235
receptor,8720,25.787,64.845,76.451,1.174921226832638,-1.174921226832638,6.499521936483674,-5.868045185094651,-5.324395970158136
receptor,8740,14.348,71.588,76.483,0.8441192637883481,-0.8441192637883481,-2.4887721731872077,1.680809213827125,0.8840789039099661
receptor,8760,17.175,75.029,76.355,1.126304544110304,-1.126304544110304,1.1715028514055774,4.025816783374971,1.8598453939605406
receptor,8780,15.799,75.041,76.533,1.2209044055388958,-1.2209044055388958,-0.11921657040591782,4.18883157967521,2.342207861764365
receptor,8800,9.6286,61.871,76.643,1.3361263545742577,-1.3361263545742577,-9.733242278032876,-5.427325653920207,-2.8186899198098843
receptor,8820,8.7921,61.121,76.769,1.0616228480248473,-1.0616228480248473,-10.73125493994246,-5.952535063041033,-2.8976459407272586
receptor,8840,14.14,65.029,77.229,1.1264340654998437,-1.1264340654998437,-4.475482305352713,-4.016863196142943,-1.8010231350108512
receptor,8860,14.472,66.615,77.153,1.0342512696747068,-1.0342512696747068,-3.7159815339248894,-2.748691284600511,-1.1329703070284154
receptor,8880,15.657,71.419,77.16,1.049725038863636,-1.049725038863636,-1.2205675782364693,0.928071711538152,1.0434977170833406
receptor,8900,17.173,73.793,77.125,0.9741763043772688,-0.9741763043772688,0.8958780977087528,2.595918935047777,1.8646556433095043
receptor,8920,10.158,64.118,77.239,1.226800176162382,-1.226800176162382,-8.530158616934855,-4.032043594360076,-1.3053270952801626
receptor,8940,17.787,63.212,77.254,1.2618181933764006,-1.2618181933764006,-1.5117290013124531,-6.173111967238107,-3.581326645635073
receptor,8960,25.146,66.386,77.332,1.129689271930742,-1.129689271930742,6.414704904733895,-4.989363192217006,-3.6563291170261323
receptor,8980,19.904,69.594,77.739,1.2737044376433542,-1.2737044376433542,2.368724605861722,-1.6521177947233383,-0.42703916751005977
receptor,9000,19.394,70.636,77.588,1.051657527560136,-1.051657527560136,2.1632811360377033,-0.6294326736510598,0.10265236899402908
receptor,9020,16.3,72.046,77.406,0.9760490234523184,-0.9760490234523184,-0.40459668754454015,1.182435312366458,1.4130713418417713
receptor,9040,11.624,64.177,77.739,1.1550006964388546,-1.1550006964388546,-7.065277104264382,-4.530301686960414,-1.2131423514525466
receptor,9060,10.587,64.257,78.039,0.9298572444760832,-0.9298572444760832,-8.001171106160008,-4.441943422447714,-0.6764261934061437
receptor,9080,14.331,66.999,77.769,1.0990744353512187,-1.0990744353512187,-3.6793917258008904,-2.753244421705226,-0.3944356396742279
receptor,9100,15.522,69.281,78.239,0.9141939030417592,-0.9141939030417592,-1.8481934722249989,-1.3808288090813292,0.8744588958671642
receptor,9120,16.806,71.529,78.058,0.8376012100507978,-0.8376012100507978,-0.0034387767931534086,0.3083362246573742,1.5662121773748368
receptor,9140,7.6277,62.746,78.522,1.0799990202366527,-1.0799990202366527,-11.203591059889199,-5.393862449919752,-0.3414290365616779
receptor,9160,23.57,66.268,78.59,1.4733732161649464,-1.4733732161649464,5.004949301223476,-5.4946971717567195,-2.3007883734505157
receptor,9180,15.645,69.029,78.383,0.9509900440054324,-0.9509900440054324,-1.7880247264438083,-1.687759069522727,0.8351837477898414
receptor,9200,18.787,69.673,78.362,1.1830710117399488,-1.1830710117399488,1.3887447272226083,-1.7292135506758797,0.39500382520780875
receptor,9220,11.266,60.046,79.194,1.3558524207324407,-1.3558524207324407,-8.433932815181201,-8.624095768425256,-2.036538710163356
receptor,9240,8.1112,61.457,79.079,1.2345129526678422,-1.2345129526678422,-11.052762731762826,-6.837469722438584,-0.6557395648061544
receptor,9260,8.5495,64.211,79.001,1.3324263099121494,-1.3324263099121494,-9.860279621412793,-4.640000700895591,0.5819279272484721
receptor,9280,23.787,67.307,78.899,1.301213241567173,-1.301213241567173,5.538108672679748,-4.862982922472327,-1.5667793872116391
receptor,9300,22.59,68.961,79.176,0.9694033129189954,-0.9694033129189954,4.894509635415133,-3.455473714552099,-0.20664994158823902
receptor,9320,15.516,59.3,79.739,0.8620687204261978,-0.8620687204261978,-4.538658051944644,-10.31051044176153,-2.9846320960955666
receptor,9340,10.287,60.799,79.592,1.3413735230007382,-1.3413735230007382,-9.113471658399824,-8.054722375469794,-1.0889655467867811
receptor,9360,10.554,64.229,79.506,1.0451816349349576,-1.0451816349349576,-7.893079207668784,-5.272954606520692,0.5284383439698246
receptor,9380,15.922,67.529,79.457,1.1199664145063857,-1.1199664145063857,-1.8420540315601812,-3.5517198753668993,0.8893681409799541
receptor,9400,14.195,58.111,79.788,0.7519725872332623,-0.7519725872332623,-6.131106706688591,-11.060399317921608,-3.23550448480259
receptor,9420,15.287,59.27,79.98,0.889104163010182,-0.889104163010182,-4.74130086563234,-10.426677882740414,-2.7461724229490585
receptor,9440,15.097,61.265,80.069,1.2134509302934808,-1.2134509302934808,-4.346744198625885,-8.822622608772171,-1.608025809117862
receptor,9460,16.651,63.3,80.177,1.073175046173724,-1.073175046173724,-2.275994976827519,-7.516166082220259,-0.851075345314996
receptor,9480,15.184,64.426,79.81,1.4044022691350584,-1.4044022691350584,-3.391801158757275,-6.130099357825728,-0.22781809514168572
receptor,9500,22.505,65.821,80.113,0.8555810970275661,-0.8555810970275661,4.015615112469888,-6.507686099664028,-1.0167968256198918
receptor,9520,17.467,68.948,79.919,1.2178243791063854,-1.2178243791063854,0.0807057758894345,-2.9399156880599904,1.626063708531447
receptor,9540,10.686,61.529,80.458,1.392889713487562,-1.392889713487562,-8.438551394211203,-8.016252879620076,-0.09646379118296977
receptor,9560,10.481,62.698,80.739,1.3741043535499735,-1.3741043535499735,-8.273655314606927,-7.186208046303811,0.78181968106054
receptor,9580,21.317,67.029,80.429,1.299178560947278,-1.299178560947278,3.257811892423824,-5.485338657055458,0.14553014484906157
receptor,9600,13.787,61.617,80.825,1.065272255481862,-1.065272255481862,-5.419818953842572,-8.716689539941669,-0.4905157399709168
receptor,9620,17.051,68.029,81.03,1.301049376501212,-1.301049376501212,-0.46532368466251484,-4.226059122823145,2.1734437350440885
receptor,9640,20.735,67.029,81.601,1.4812812579244918,-1.4812812579244918,2.82071919629157,-6.029297560839495,1.2524929653547474
receptor,9660,17.525,68.648,81.358,1.1518997846494814,-1.1518997846494814,0.19547696724985286,-3.9927436645802246,2.6470758658978752
receptor,9680,17.423,66.029,82.2,1.4345125357578368,-1.4345125357578368,-0.5611651588934379,-6.566391239828469,2.02872333589238
receptor,9700,18.248,65.568,82.61,1.4168333132555444,-1.4168333132555444,0.1357372690306775,-7.319160843532373,1.9343256150885964
receptor,9720,9.7297,66.043,68.373,0.4673240970906645,-0.4673240970906645,-9.283168791663776,2.5298390491889933,-7.53988351406764
receptor,9740,8.3949,69.029,71.568,1.2752564408632978,-1.2752564408632978,-9.386327855485028,3.4235207712533224,-3.056960000644793
receptor,9760,14.358,78.728,72.166,1.0907161781349048,-1.0907161781349048,-0.8848737017310029,9.86843222757308,0.9648754263482999
receptor,9780,25.982,70.721,73.239,1.1912702080227526,-1.1912702080227526,8.031832463823278,0.6467429624112384,-5.021237858076319
receptor,9800,10.913,69.029,73.856,0.9530901632051478,-0.9530901632051478,-6.755232045064403,1.6921173329434822,-1.7703564952104642
receptor,9820,20.249,75.172,74.739,1.0794557444033483,-1.0794557444033483,3.9807177832800917,4.475724196148242,-0.13697101884883978
receptor,9840,26.808,67.678,75.641,1.449939260360973,-1.449939260360973,8.19645253874107,-3.3068947234684956,-4.790200459100191
receptor,9860,24.283,63.883,76.239,0.9119429046400332,-0.9119429046400332,4.770826827551581,-6.255348192957925,-5.631012343586349
receptor,9880,15.004,75.529,76.538,1.267561029132772,-1.267561029132772,-0.7381133138976708,4.727643094215999,2.785877753343186
receptor,9900,10.05,64.15,77.239,1.168125153899256,-1.168125153899256,-8.624046382351729,-3.9862943526796784,-1.2631359304385228
receptor,9920,10.054,59.88,78.739,1.2060653619624442,-1.2060653619624442,-9.68249674871538,-8.28416581186665,-2.207010785623652
receptor,9940,11.649,60.117,79.523,1.4027755991226234,-1.4027755991226234,-8.015486115371289,-8.819285893381043,-1.8202653309926262
receptor,9960,15.787,64.381,79.912,1.3005060781490176,-1.3005060781490176,-2.8193636571950975,-6.333702356266521,-0.3108790717262053
receptor,9980,12.643,73.593,65.714,2.371682960520615,-2.371682960520615,-4.62775221014433,9.597860083338553,-6.575376902720123
receptor,10000,24.015,70.912,66.604,0.5508508519340913,-0.5508508519340913,5.5433702794156545,4.845193109463892,-9.931366911317895
receptor,10020,24.729,70.312,67.522,0.5333785057396656,-0.5333785057396656,6.146025113376439,3.7179875190416922,-9.650769854981462
receptor,10040,8.0807,70.173,67.993,0.8730513259059246,-0.8730513259059246,-9.720392647874903,6.39377222888929,-5.349140105457025
receptor,10060,25.026,70.013,68.239,0.4132268285408302,-0.4132268285408302,6.416369014861765,3.0229711747664467,-9.282577709329274
receptor,10080,10.389,65.509,69.016,0.6290183360098056,-0.6290183360098056,-8.741572723998829,1.618857880391829,-7.439541600657449
receptor,10100,25.766,69.029,69.126,0.6514268466293938,-0.6514268466293938,6.931604566325085,1.5966506588452845,-9.229974359904645
receptor,10120,24.393,72.113,68.739,0.5844576551611943,-0.5844576551611943,6.459679396796361,4.565229370546838,-7.6454299248074165
receptor,10140,25.582,69.534,69.447,0.7768687046135674,-0.7768687046135674,6.931905923770344,1.8619050334845682,-8.662909966807689
receptor,10160,6.4045,71.529,69.424,1.020309527312037,-1.020309527312037,-10.789534682252793,7.006697694676397,-3.073749782080384
receptor,10180,25.546,69.876,69.739,0.8630326953722323,-0.8630326953722323,7.024102577854613,1.9838927302517462,-8.238477665005504
receptor,10200,10.287,66.295,70.697,0.9445680378715752,-0.9445680378715752,-8.446499253214746,1.3421373237828504,-5.625618123663614
receptor,10220,8.6764,68.311,70.628,1.2282133453619453,-1.2282133453619453,-9.416417663300557,3.311195695332472,-4.267267371020182
receptor,10240,14.885,78.547,70.641,0.9050915575338178,-0.9050915575338178,-0.5871410281709117,10.4715642837119,-0.5128599958272844
receptor,10260,9.787,66.924,70.84,0.9184622868353676,-0.9184622868353676,-8.73017697736367,1.8647003918705352,-5.066561070499546
receptor,10280,7.287,72.896,71.087,0.9509246499815877,-0.9509246499815877,-9.392481968975908,7.031002366793253,-1.2134494705072711
receptor,10300,9.2542,67.256,71.511,1.03944553328553,-1.03944553328553,-9.07641424396477,1.8592049865791154,-4.215426301066856
receptor,10320,26.023,70.09,71.678,1.0100755801376933,-1.0100755801376933,7.734696517911701,0.9937861596357891,-6.642297464909888
receptor,10340,8.787,72.938,71.358,0.6738732500784724,-0.6738732500784724,-7.923037647477251,6.639841393073311,-1.327166130033575
receptor,10360,23.287,73.96,71.508,1.0650223176486977,-1.0650223176486977,6.208260365156441,4.729336865673069,-4.150882285902981
receptor,10380,17.675,80.029,71.436,0.9175510418571634,-0.9175510418571634,2.5741189079032125,10.721546169323176,0.23305801135498427
receptor,10400,27.106,67.074,72.194,1.051860048401611,-1.051860048401611,7.962394382206362,-1.9381001756210807,-8.016196005461467
receptor,10420,25.564,72.364,71.739,1.293175186708014,-1.293175186708014,7.94920711739109,2.8890337025406083,-5.320367075734936
receptor,10440,25.58,72.349,71.748,1.2895190981388565,-1.2895190981388565,7.961106773074896,2.8689362023434484,-5.324427701355688
receptor,10460,14.357,78.729,72.167,1.0907161781349048,-1.0907161781349048,-0.8854425588626285,9.868871679460511,0.9664512701230592
receptor,10480,25.342,63.868,72.282,0.8495564142635925,-0.8495564142635925,5.3784391711439525,-4.264980091640332,-9.159297629836828
receptor,10500,26.876,68.529,72.31,1.1067919054942894,-1.1067919054942894,8.168113186532594,-0.7798357318349147,-7.122057172948686
receptor,10520,9.6562,70.898,72.518,0.8812892071622761,-0.8812892071622761,-7.55716431502313,4.181517672310768,-1.6195525670226516
receptor,10540,10.166,72.28,72.239,0.8026382684552793,-0.8026382684552793,-6.706498047467164,5.364286210624591,-1.2658768313304734
receptor,10560,11.287,73.921,72.609,0.8397731979124908,-0.8397731979124908,-5.134207046916373,6.284958665125558,-0.3902711888691215
receptor,10580,15.287,79.391,72.136,0.9630929336911844,-0.9630929336911844,0.18627516605438643,10.252817499335151,1.0565163882293973
receptor,10600,27.249,66.075,72.861,0.9363994477629464,-0.9363994477629464,7.88200230308469,-3.145095760654719,-8.010050167538154
receptor,10620,9.5535,70.529,72.706,0.9332415561297412,-0.9332415561297412,-7.741017356581274,3.7965832871329326,-1.6282628033903563
receptor,10640,23.787,74.323,72.819,1.0277365801635594,-1.0277365801635594,6.919967704489181,4.204514273528012,-3.002612322038175
receptor,10660,18.946,80.089,72.799,1.2941319784716316,-1.2941319784716316,3.940128343991951,9.78076842452387,1.0849767019627592
receptor,10680,25.287,64.26,73.385,0.8828761308071078,-0.8828761308071078,5.548273142814381,-4.549133963217393,-8.035148618657956
receptor,10700,27.153,65.667,73.601,1.0386782855064605,-1.0386782855064605,7.748963658683678,-3.8693183440905017,-7.584512426864592
receptor,10720,11.787,70.975,73.527,1.0869050059921623,-1.0869050059921623,-5.402094989295016,3.2935222194901854,-1.2569799300576676
receptor,10740,11.38,74.206,72.945,0.9394730072647632,-0.9394730072647632,-4.930777021095395,6.31264139274851,0.010502926045802496
receptor,10760,23.877,63.529,73.793,0.6896911629357628,-0.6896911629357628,4.037177590882244,-5.110400365385871,-7.7343243198924085
receptor,10780,27.398,66.148,74.12,1.0801013221783435,-1.0801013221783435,8.171411310124853,-3.812041301712867,-6.968879157613898
receptor,10800,11.153,69.029,74.006,1.007795252557718,-1.007795252557718,-6.511307032274871,1.5648828862863198,-1.703933730141003
receptor,10820,25.313,70.555,74.215,1.524441339583613,-1.524441339583613,7.444915886307271,0.09283853528094,-4.140095521877257
receptor,10840,25.382,73.993,73.739,1.243050494190586,-1.243050494190586,8.439570536538298,3.133862248699238,-2.793240703717089
receptor,10860,19.427,77.188,74.08,1.0638843219904048,-1.0638843219904048,3.703409142000858,6.62782066148133,0.5455256634674157
receptor,10880,27.417,66.264,74.239,1.088533641728544,-1.088533641728544,8.234449139113934,-3.7874625931810044,-6.81590818257861
receptor,10900,11.154,68.737,74.2,0.8247900107746704,-0.8247900107746704,-6.573802475402118,1.2200939789127005,-1.6931666998895025
receptor,10920,25.262,70.558,74.268,1.5120451802460249,-1.5120451802460249,7.402468614350653,0.07519538375556323,-4.08259814534847
receptor,10940,12.303,73.102,74.439,0.7179365432741109,-0.7179365432741109,-4.214105008478704,4.418483562382278,0.4591991930173265
receptor,10960,20.435,75.37,74.387,1.0873228709417622,-1.0873228709417622,4.17892660946989,4.7976934708346946,-0.37096470974314855
receptor,10980,14.042,78.74,74.239,1.5058806822291202,-1.5058806822291202,-0.9743251227605256,8.785328025598417,2.758255679094674
receptor,11000,13.117,65.199,74.979,1.127562302847863,-1.127562302847863,-5.62887057146385,-2.4425302813438563,-3.3271621787999237
receptor,11020,27.562,66.325,74.943,1.0963302170621574,-1.0963302170621574,8.460827602164919,-4.155328318636002,-6.238162910419561
receptor,11040,13.287,69.556,75.148,0.9506958194583708,-0.9506958194583708,-4.211969086707974,0.9675814861721079,-1.002417479796236
receptor,11060,25.534,71.8,74.739,1.1879467826841987,-1.1879467826841987,8.062032375852063,0.771611313482282,-3.1242821758807082
receptor,11080,12.267,73.7,74.703,0.9163185788149408,-0.9163185788149408,-4.051994975859863,4.76372079991237,0.9912965404519127
receptor,11100,12.892,77.918,74.739,1.287414279113089,-1.287414279113089,-2.2541104642053895,8.051525999477455,3.0263378797041867
receptor,11120,16.033,80.775,74.976,1.1935087399756978,-1.1935087399756978,1.5763554678197877,9.662563854138327,3.929989789702887
receptor,11140,12.744,67.029,75.265,0.7790910783681825,-0.7790910783681825,-5.435872833699719,-1.048177943434446,-2.066861250059276
receptor,11160,26.287,67.912,75.695,1.1932866459471136,-1.1932866459471136,7.771583462704342,-3.0515648487504663,-4.501399622355947
receptor,11180,13.624,70.495,75.272,0.9437958024618804,-0.9437958024618804,-3.6114009107480243,1.5988704094160795,-0.5009614384390488
receptor,11200,23.28,72.171,75.68,1.203480884099939,-1.203480884099939,6.112846259460952,0.9632092555846228,-1.6184263686234885
receptor,11220,21.605,74.452,75.409,1.0076957108319842,-1.0076957108319842,5.136495823581029,3.2712058842397838,-0.27607083134083155
receptor,11240,18.787,75.95,75.604,1.084993003642931,-1.084993003642931,2.894695565639573,4.8946344374306605,1.3245429060043818
receptor,11260,15.703,78.029,75.431,1.2265814638602524,-1.2265814638602524,0.5273188366381163,7.242470217999248,2.9817757111540573
receptor,11280,17.29,79.032,75.65,1.1424284056784038,-1.1424284056784038,2.3475069805411195,7.643947158456243,3.2952567904495282
receptor,11300,13.531,64.029,75.749,1.0979414104790517,-1.0979414104790517,-5.4890855356799335,-3.895091190199757,-3.388178158957416
receptor,11320,26.644,67.699,75.739,1.3866975959290295,-1.3866975959290295,8.055897519830829,-3.314211296501661,-4.659312131056055
receptor,11340,13.446,68.866,75.902,0.7794732050607505,-0.7794732050607505,-4.180570821591907,-0.039931117532312044,-0.7704056216414159
receptor,11360,22.555,73.187,75.763,1.0061205109342637,-1.0061205109342637,5.718541601889285,1.874293245010307,-0.8573614559981451
receptor,11380,17.787,76.093,76.124,1.1214394326547596,-1.1214394326547596,2.034101318180255,4.905206399689632,2.066240131868099
receptor,11400,12.745,77.529,75.852,1.126586265914657,-1.126586265914657,-2.392873617313846,7.145008341063722,3.7817645950932217
receptor,11420,25.671,64.919,76.623,1.2170725223152583,-1.2170725223152583,6.427233438043146,-5.882231508103338,-5.11681677748048
receptor,11440,23.277,71.039,76.488,1.186928953038651,-1.186928953038651,5.869635150321436,-0.4032185711043468,-1.5288699571210174
receptor,11460,12.96,74.98,76.457,0.7777887686106734,-0.7777887686106734,-2.8511981127743695,4.701640085693917,2.9276327402183995
receptor,11480,15.81,75.029,76.532,1.2214708672386725,-1.2214708672386725,-0.1122377014125675,4.177635205434569,2.332619504687301
receptor,11500,12.793,76.029,76.539,0.8680102306239234,-0.8680102306239234,-2.704170590666614,5.5378266243353025,3.5712078953772846
receptor,11520,9.7252,62.467,76.569,1.4337082866155368,-1.4337082866155368,-9.479252440288768,-4.920378357433954,-2.5984238059657514
receptor,11540,12.343,63.638,76.739,1.1696550920752973,-1.1696550920752973,-6.633386940662071,-4.544239396733431,-2.486232539471388
receptor,11560,25.299,65.541,77.052,1.1738729697614607,-1.1738729697614607,6.292374451260464,-5.547557910000762,-4.355820301524744
receptor,11580,23.017,71.029,76.881,1.1410579659356894,-1.1410579659356894,5.658399703078189,-0.5818555963618408,-1.147271478304475
receptor,11600,16.559,74.015,76.739,1.1499854862284318,-1.1499854862284318,0.33467993995790124,3.1027966161367218,1.8062806131088252
receptor,11620,13.986,75.314,76.758,0.974830456923806,-0.974830456923806,-1.747743638878461,4.6175794949522455,3.1012848093775744
receptor,11640,17.435,62.529,77.457,1.2863383687111594,-1.2863383687111594,-2.020989830289068,-6.775465565323671,-3.6784119222913034
receptor,11660,10.138,64.029,77.132,1.1868606820576824,-1.1868606820576824,-8.58527268422614,-4.041193803762162,-1.4343569881519613
receptor,11680,25.146,66.386,77.332,1.129689271930742,-1.129689271930742,6.414704904733895,-4.989363192217006,-3.6563291170261323
receptor,11700,14.287,69.683,77.531,1.042564600772844,-1.042564600772844,-2.9827609854735897,-0.43539460799672725,0.7907706093485274
receptor,11720,19.287,70.69,77.644,1.0245830086708094,-1.0245830086708094,2.0822280286175285,-0.5971027263562263,0.20208158142906996
receptor,11740,16.287,72.062,77.391,0.9749187696690246,-0.9749187696690246,-0.4139550443421953,1.2061251874267285,1.4119708975333367
receptor,11760,19.787,72.72,77.668,0.7854044546354886,-0.7854044546354886,3.1381126987152896,0.9450217351198589,1.1393305925086423
receptor,11780,17.595,63.091,77.739,1.466599952715718,-1.466599952715718,-1.6804097393865476,-6.505336732180787,-3.196744386343852
receptor,11800,18.713,63.692,78.165,1.431756664682172,-1.431756664682172,-0.40080934396777224,-6.459008617002219,-2.805493145083034
receptor,11820,14.787,69.589,77.874,1.0450236095612004,-1.0450236095612004,-2.498222122538756,-0.7936643409537112,0.9063123280164689
receptor,11840,21.786,69.529,78.018,1.2648798377190151,-1.2648798377190151,4.172815054981712,-2.20451799612632,-0.6802222413597434
receptor,11860,19.925,72.216,77.75,0.8957969300191186,-0.8957969300191186,3.1347572366915486,0.4652987517064915,0.9165333751571154
receptor,11880,18.284,63.529,78.361,1.1917502637230637,-1.1917502637230637,-0.8364636277873885,-6.621465819513148,-2.624277797107382
receptor,11900,23.559,66.029,78.527,1.4643199320716451,-1.4643199320716451,4.920226592420164,-5.651623912712104,-2.4722732432966836
receptor,11920,15.468,69.225,78.239,0.9259370220391132,-0.9259370220391132,-1.9155923536240422,-1.4163716700483633,0.8587714543792373
receptor,11940,16.287,69.342,78.618,0.9063757321915044,-0.9063757321915044,-1.0633199574542829,-1.6818712402357363,1.0354993269895516
receptor,11960,9.9714,60.029,78.764,1.2112295146173302,-1.2112295146173302,-9.716412190876717,-8.162019140582025,-2.0904831344970205
receptor,11980,8.787,60.838,79.086,1.3200089599699407,-1.3200089599699407,-10.583534243485254,-7.467392069941852,-1.1279027801297445
receptor,12000,7.9264,63.529,78.995,1.0599236217031074,-1.0599236217031074,-10.648768140937086,-5.075859694856263,0.3776575134289999
receptor,12020,23.62,66.725,78.739,1.3626029733763163,-1.3626029733763163,5.197439641466353,-5.215779218077117,-1.9562564532626254
receptor,12040,19.294,69.141,78.799,1.1481092020006458,-1.1481092020006458,1.7649756264094094,-2.4963185843796296,0.3627210470829283
receptor,12060,17.977,69.924,78.898,1.006865435438424,-1.006865435438424,0.7416083792145827,-1.6747056016970987,1.1596216582361762
receptor,12080,15.348,60.075,79.579,1.1585185354415617,-1.1585185354415617,-4.494760685391732,-9.56211627315296,-2.68061204806844
receptor,12100,7.8827,62.718,79.55,1.1180350588586918,-1.1180350588586918,-10.865031932745744,-6.033945001914752,0.43204691268265094
receptor,12120,14.025,65.064,79.239,1.476514746469718,-1.476514746469718,-4.373079248278479,-5.083158434753521,-0.09600756968065127
receptor,12140,22.87,68.672,79.379,0.9023409727214914,-0.9023409727214914,5.0998002307351555,-3.8539381222433704,-0.2536806472644173
receptor,12160,12.787,58.689,79.743,0.6027943699102701,-0.6027943699102701,-7.3139628623695145,-10.308507307248604,-2.640455983204717
receptor,12180,11.656,60.195,79.582,1.3858992952454008,-1.3858992952454008,-7.980719303960036,-8.790033901032245,-1.733376955660134
receptor,12200,15.051,61.029,80.08,1.1463235245414611,-1.1463235245414611,-4.456546420342043,-9.011780952218103,-1.7085026383422246
receptor,12220,17.287,62.847,79.936,1.212810987268187,-1.212810987268187,-1.8224933116703639,-7.866446174180766,-1.433678209087418
receptor,12240,15.05,64.481,79.739,1.4298507307438453,-1.4298507307438453,-3.511085217378813,-6.021513248034644,-0.2262785759924668
receptor,12260,15.77,66.512,80.141,1.443861384081791,-1.443861384081791,-2.2071353388106942,-4.728711750782516,0.970944879710288
receptor,12280,16.82,68.277,79.951,1.1959964579619775,-1.1959964579619775,-0.7236254747858979,-3.383565227287953,1.4645077568309546
receptor,12300,15.072,59.029,80.254,0.7877933637954636,-0.7877933637954636,-4.98722080124967,-10.73492430415422,-2.591610044112713
receptor,12320,14.894,61.457,80.193,0.9396875360204238,-0.9396875360204238,-4.47329101381105,-8.69848547711451,-1.3589778697360941
receptor,12340,10.416,63.158,80.556,1.2592181182293916,-1.2592181182293916,-8.223349968756288,-6.699492848385681,0.8812766481084253
receptor,12360,21.317,67.029,80.429,1.299178560947278,-1.299178560947278,3.257811892423824,-5.485338657055458,0.14553014484906157
receptor,12380,12.787,61.564,80.817,0.988290318174503,-0.988290318174503,-6.389188646467552,-8.572047527798496,-0.2849091074336343
receptor,12400,13.102,63.029,80.773,0.9426595683336784,-0.9426595683336784,-5.677055553810014,-7.41669834864755,0.3518174685605402
receptor,12420,21.17,65.687,81.239,1.4832323451150635,-1.4832323451150635,2.8178363100585955,-6.996879793684833,0.1639116355272563
receptor,12440,17.287,68.324,81.37,1.2955450085520746,-1.2955450085520746,-0.12229881188392966,-4.21868129486662,2.548411072701498
receptor,12460,18.911,69.396,81.363,0.8659324586483742,-0.8659324586483742,1.730046686051054,-3.6425457225854103,2.7016852017389965
receptor,12480,16.944,67.029,81.865,1.2123478923250937,-1.2123478923250937,-0.7674838544491536,-5.481322961977732,2.3776150501336417
receptor,12500,11.685,74.996,65.887,2.371682960520615,-2.371682960520615,-5.1252287997808565,10.815664874068403,-5.4865378262542635
receptor,12520,9.8111,67.079,70.394,0.950216810075856,-0.950216810075856,-8.708009348900895,2.2336218685214675,-5.361395516102533
receptor,12540,10.173,72.558,72.064,0.7845341411505664,-0.7845341411505664,-6.638441378587444,5.685703545589618,-1.2700225043737134
receptor,12560,25.933,70.88,72.79,1.1860076464247191,-1.1860076464247191,7.985133376891646,1.0339673037656851,-5.299013855495758
receptor,12580,13.629,66.132,74.889,0.792711426958678,-0.792711426958678,-4.884661567210827,-1.729377533633425,-3.047342386037144
receptor,12600,15.374,75.474,76.462,1.358715821431053,-1.358715821431053,-0.4085827460897491,4.65742152156465,2.6064911997374054
receptor,12620,19.386,70.659,77.596,1.047318827916824,-1.047318827916824,2.1629917370452674,-0.6137467498417593,0.12292224917307237
receptor,12640,16.079,60.598,78.886,0.9899985275517734,-0.9899985275517734,-3.7188471848655595,-8.887011783070655,-3.1605403418498383
receptor,12660,10.69,61.224,80.095,1.3850290715005078,-1.3850290715005078,-8.557888029307286,-8.062945535901093,-0.552959753238909
receptor,12680,24.065,70.76,66.708,0.5419129781168457,-0.5419129781168457,5.558320502527749,4.654976252566051,-9.935113667355864
receptor,12700,7.8234,70.317,68.278,0.8852454248024879,-0.8852454248024879,-9.89616246149275,6.3995403937761,-4.978686341952596
receptor,12720,27.017,67.865,72.014,1.0302285420766053,-1.0302285420766053,8.084153369263106,-1.1800952767235984,-7.739419340407622
receptor,12740,23.106,74.547,72.36,1.132681688945418,-1.132681688945418,6.288112272163943,4.765811920574116,-3.104207912796781
receptor,12760,19.521,76.049,74.563,1.0167961310838394,-1.0167961310838394,3.5180196623030398,5.4183517840498325,0.3399489737821568
receptor,12780,22.452,73.886,75.327,0.9583954670512456,-0.9583954670512456,5.775072766238473,2.702325293700966,-0.8356093572838432
receptor,12800,26.059,67.859,76.711,1.2623367508473395,-1.2623367508473395,7.641289097022138,-3.6167829739598645,-3.6350273875710144
receptor,12820,14.606,66.439,76.843,1.1146911727167208,-1.1146911727167208,-3.669384225248379,-2.743956229562066,-1.5109098128727965
receptor,12840,15.691,68.959,78.413,0.9706737288042186,-0.9706737288042186,-1.7610335443896474,-1.7696343269735308,0.8131856044890355
receptor,12860,15.768,64.298,79.899,1.3159097074561668,-1.3159097074561668,-2.8623675783060847,-6.390347511024544,-0.359469083163944
